mean_fit_time,std_fit_time,mean_score_time,std_score_time,param_max_depth,param_min_samples_leaf,param_min_samples_split,param_n_estimators,params,split0_test_recall,split1_test_recall,split2_test_recall,split3_test_recall,split4_test_recall,mean_test_recall,std_test_recall,rank_test_recall,split0_train_recall,split1_train_recall,split2_train_recall,split3_train_recall,split4_train_recall,mean_train_recall,std_train_recall,split0_test_precision,split1_test_precision,split2_test_precision,split3_test_precision,split4_test_precision,mean_test_precision,std_test_precision,rank_test_precision,split0_train_precision,split1_train_precision,split2_train_precision,split3_train_precision,split4_train_precision,mean_train_precision,std_train_precision,split0_test_f1_macro,split1_test_f1_macro,split2_test_f1_macro,split3_test_f1_macro,split4_test_f1_macro,mean_test_f1_macro,std_test_f1_macro,rank_test_f1_macro,split0_train_f1_macro,split1_train_f1_macro,split2_train_f1_macro,split3_train_f1_macro,split4_train_f1_macro,mean_train_f1_macro,std_train_f1_macro,split0_test_roc_auc,split1_test_roc_auc,split2_test_roc_auc,split3_test_roc_auc,split4_test_roc_auc,mean_test_roc_auc,std_test_roc_auc,rank_test_roc_auc,split0_train_roc_auc,split1_train_roc_auc,split2_train_roc_auc,split3_train_roc_auc,split4_train_roc_auc,mean_train_roc_auc,std_train_roc_auc
0.7661027431488037,0.0987460377713151,0.14683847427368163,0.006166089365401981,5,1,2,50,"{'max_depth': 5, 'min_samples_leaf': 1, 'min_samples_split': 2, 'n_estimators': 50}",0.8287671232876712,0.9251700680272109,0.8972602739726028,0.8287671232876712,0.9452054794520548,0.8850340136054422,0.048400238638475715,9,0.9452991452991453,0.9383561643835616,0.9162393162393162,0.947008547008547,0.9418803418803419,0.9377567029621824,0.01116106390958426,0.12246963562753037,0.13438735177865613,0.1297029702970297,0.12448559670781893,0.13437195715676728,0.1290835023135605,0.004926789682124959,27,0.14028411973617452,0.1329129274799903,0.13821557503867973,0.1400050543340915,0.13409588707714773,0.13710271273321675,0.0030456099813241334,0.4870667469022262,0.4975747807959267,0.4926414537356043,0.4911792742824525,0.4960034461302829,0.49289314036929854,0.003702412807060188,25,0.5074727483425147,0.4938909618398952,0.5069218979188561,0.5067532656183616,0.4956211824687845,0.5021320112376824,0.006051913180590768,0.7726447048949372,0.8182357005849624,0.8082131804332702,0.7853741333397308,0.8309772569152893,0.8030889952336381,0.021326538597398064,36,0.8620427125899981,0.8649791192217102,0.8582192812355885,0.8662504946077234,0.8544539016247455,0.8611891018559532,0.004356451220369423
1.058023738861084,0.008929690745016108,0.18814396858215332,0.004620447214214452,5,1,2,75,"{'max_depth': 5, 'min_samples_leaf': 1, 'min_samples_split': 2, 'n_estimators': 75}",0.815068493150685,0.9183673469387755,0.9041095890410958,0.815068493150685,0.958904109589041,0.8823036063740565,0.05776651669730938,10,0.947008547008547,0.940068493150685,0.9230769230769231,0.947008547008547,0.9435897435897436,0.9401504507668893,0.008915242768112494,0.11971830985915492,0.13486513486513488,0.12753623188405797,0.12155260469867211,0.1344860710854947,0.12763167047850293,0.006306999925265094,32,0.13975782038345105,0.134033203125,0.13677811550151975,0.1385,0.13317249698431846,0.13644832719885785,0.002523281777091291,0.4832145516935811,0.49939441870763046,0.48714342957109014,0.48703614457831323,0.49447584332583844,0.4902528775752907,0.005847311917220989,32,0.5062609359824564,0.49598266859816786,0.5033394034696312,0.5038289914289192,0.4934859179720109,0.5005795834902371,0.004937706783940876,0.7703755882617426,0.8179408365798158,0.812429527625171,0.7884779166566706,0.8309442698462203,0.804033627793924,0.021739034109146124,31,0.8594266880716093,0.8641456309660707,0.8601474796287097,0.8704400909610497,0.8559457227072418,0.8620211224669362,0.00495064998610804
0.7039109706878662,0.007752575978022019,0.14200758934020996,0.0031171040740791242,5,1,4,50,"{'max_depth': 5, 'min_samples_leaf': 1, 'min_samples_split': 4, 'n_estimators': 50}",0.821917808219178,0.9251700680272109,0.8835616438356164,0.8287671232876712,0.9383561643835616,0.8795545615506477,0.04786610252606737,14,0.947008547008547,0.9383561643835616,0.9179487179487179,0.947008547008547,0.9452991452991453,0.9391242243297038,0.011058451281794678,0.12257405515832483,0.13438735177865613,0.12759643916913946,0.12435765673175746,0.13391984359726294,0.12856706928702816,0.004839532546263566,28,0.14136259249808625,0.13294517224648228,0.13797533401849948,0.1395817586293777,0.1348780487804878,0.1373485812345867,0.003065476409158087,0.4882561769690483,0.4975747807959267,0.4901071825945979,0.4909176124575657,0.4959533269258982,0.49256181594860743,0.0035748935736441665,28,0.5093319408796144,0.49395794658608017,0.5062629557791641,0.5059360504333786,0.4967882339831644,0.5024554255322803,0.005970304985521057,0.7763766074158448,0.8191173141761082,0.8091818007341123,0.786501691336996,0.8309232780749947,0.8044201383476113,0.020241576973245697,29,0.862869441076534,0.8647130026791565,0.8575118167982345,0.8669626361866705,0.8553232887040483,0.8614760370889287,0.004383917101523112
1.0549532413482665,0.022676755565481817,0.1853571891784668,0.0033047920331607476,5,1,4,75,"{'max_depth': 5, 'min_samples_leaf': 1, 'min_samples_split': 4, 'n_estimators': 75}",0.821917808219178,0.9183673469387755,0.9041095890410958,0.815068493150685,0.9452054794520548,0.8809337433603579,0.05270742328343324,13,0.947008547008547,0.9366438356164384,0.9247863247863248,0.947008547008547,0.9435897435897436,0.9398073996019202,0.008410231859968068,0.12084592145015106,0.13513513513513514,0.12903225806451613,0.1206896551724138,0.1338506304558681,0.12791072005561682,0.006177179189449008,31,0.1403242147922999,0.1340357755452095,0.1381159050293592,0.1383270911360799,0.13404565322972317,0.13696972794653434,0.0025126491348644122,0.4846196094467229,0.49993237112472455,0.4903215205228356,0.4852202414352659,0.4949284768636628,0.49100444387864234,0.005827442195642244,31,0.5073513634750726,0.49642649518845405,0.5057263028178081,0.5034896815569877,0.4952974041556698,0.5016582494387984,0.004901966025584528,0.7730643565840353,0.8165975672230363,0.8119857016049709,0.7890326991819208,0.8309112827771514,0.804318321474223,0.020626268471578668,30,0.8600169143951981,0.86368498697903,0.861056528868721,0.8702554374109589,0.855455371182634,0.8620938477673084,0.004870365973871835
0.699037742614746,0.0036746252204571525,0.13907418251037598,0.002289897101226634,5,10,2,50,"{'max_depth': 5, 'min_samples_leaf': 10, 'min_samples_split': 2, 'n_estimators': 50}",0.821917808219178,0.9319727891156463,0.910958904109589,0.8356164383561644,0.958904109589041,0.8918740098779239,0.05389612983418522,3,0.9316239316239316,0.9315068493150684,0.9247863247863248,0.9401709401709402,0.9418803418803419,0.9339936775553215,0.006275880863854545,0.12618296529968454,0.13391984359726294,0.12751677852348994,0.12398373983739837,0.13592233009708737,0.12950513147098466,0.004607520427512865,25,0.1416688328567715,0.13017468293850204,0.13471115537848605,0.1365103003226607,0.13347868217054262,0.13530873073339258,0.0037936602194994853,0.4955778224083308,0.49575057180690985,0.4861436407786898,0.48919784573773994,0.49744067007910653,0.49282211016215544,0.00436435972896271,26,0.5116435312679634,0.4890349039463413,0.49904240783300774,0.5007263653584725,0.4943460130462119,0.4989586442903994,0.0075338595839090665,0.7827343305056803,0.8177412821520902,0.8117457956481061,0.7857100016793417,0.8392959959695798,0.8074454811909597,0.02108090866786917,27,0.855058695196611,0.8559083869439477,0.8478881302565225,0.8562140035490149,0.8531745163134021,0.8536487464518997,0.003068682706472493
1.0327019691467285,0.0029509521003013403,0.18752679824829102,0.004732770193023924,5,10,2,75,"{'max_depth': 5, 'min_samples_leaf': 10, 'min_samples_split': 2, 'n_estimators': 75}",0.8287671232876712,0.9115646258503401,0.9041095890410958,0.8356164383561644,0.9452054794520548,0.8850526511974653,0.04537932176481141,7,0.9333333333333333,0.922945205479452,0.9282051282051282,0.9384615384615385,0.935042735042735,0.9315975881044375,0.0054473511487403495,0.125129265770424,0.13293650793650794,0.12680115273775217,0.12248995983935743,0.13424124513618677,0.12831962628404564,0.0045354236626112265,29,0.14068539036330843,0.13066666666666665,0.1364321608040201,0.1348894348894349,0.13263821532492726,0.1350623736096715,0.003427049024706687,0.4925508737040869,0.49637879430164294,0.48555810737568783,0.4860662710588617,0.4957345857663002,0.4912577264413159,0.004634149366826006,29,0.5096101515821343,0.49123489930777037,0.5020387828004611,0.49767940130844485,0.4934934245356649,0.4988113319068951,0.006542089609084935,0.779335151823986,0.8170711366858477,0.8145287047477389,0.7885258978480436,0.8387172228486435,0.8076356227908519,0.021301209392030937,25,0.8548518493571033,0.8570068673060459,0.8517703448643583,0.8590674340920593,0.848607194005027,0.8542607379249187,0.0037191284945961496
0.6946869373321534,0.0025696351737814673,0.13899765014648438,0.0034390926417281254,5,10,4,50,"{'max_depth': 5, 'min_samples_leaf': 10, 'min_samples_split': 4, 'n_estimators': 50}",0.821917808219178,0.9319727891156463,0.910958904109589,0.8356164383561644,0.958904109589041,0.8918740098779239,0.05389612983418522,3,0.9316239316239316,0.9315068493150684,0.9247863247863248,0.9401709401709402,0.9418803418803419,0.9339936775553215,0.006275880863854545,0.12618296529968454,0.13391984359726294,0.12751677852348994,0.12398373983739837,0.13592233009708737,0.12950513147098466,0.004607520427512865,25,0.1416688328567715,0.13017468293850204,0.13471115537848605,0.1365103003226607,0.13347868217054262,0.13530873073339258,0.0037936602194994853,0.4955778224083308,0.49575057180690985,0.4861436407786898,0.48919784573773994,0.49744067007910653,0.49282211016215544,0.00436435972896271,26,0.5116435312679634,0.4890349039463413,0.49904240783300774,0.5007263653584725,0.4943460130462119,0.4989586442903994,0.0075338595839090665,0.7827343305056803,0.8177412821520902,0.8117457956481061,0.7857100016793417,0.8392959959695798,0.8074454811909597,0.02108090866786917,27,0.855058695196611,0.8559083869439477,0.8478881302565225,0.8562140035490149,0.8531745163134021,0.8536487464518997,0.003068682706472493
1.1418543815612794,0.11405633962269951,0.21469907760620116,0.03642185067090243,5,10,4,75,"{'max_depth': 5, 'min_samples_leaf': 10, 'min_samples_split': 4, 'n_estimators': 75}",0.8287671232876712,0.9115646258503401,0.9041095890410958,0.8356164383561644,0.9452054794520548,0.8850526511974653,0.04537932176481141,7,0.9333333333333333,0.922945205479452,0.9282051282051282,0.9384615384615385,0.935042735042735,0.9315975881044375,0.0054473511487403495,0.125129265770424,0.13293650793650794,0.12680115273775217,0.12248995983935743,0.13424124513618677,0.12831962628404564,0.0045354236626112265,29,0.14068539036330843,0.13066666666666665,0.1364321608040201,0.1348894348894349,0.13263821532492726,0.1350623736096715,0.003427049024706687,0.4925508737040869,0.49637879430164294,0.48555810737568783,0.4860662710588617,0.4957345857663002,0.4912577264413159,0.004634149366826006,29,0.5096101515821343,0.49123489930777037,0.5020387828004611,0.49767940130844485,0.4934934245356649,0.4988113319068951,0.006542089609084935,0.779335151823986,0.8170711366858477,0.8145287047477389,0.7885258978480436,0.8387172228486435,0.8076356227908519,0.021301209392030937,25,0.8548518493571033,0.8570068673060459,0.8517703448643583,0.8590674340920593,0.848607194005027,0.8542607379249187,0.0037191284945961496
0.7236804008483887,0.024280780185435277,0.1451946258544922,0.0035109355224892283,5,28,2,50,"{'max_depth': 5, 'min_samples_leaf': 28, 'min_samples_split': 2, 'n_estimators': 50}",0.8424657534246576,0.9251700680272109,0.9246575342465754,0.8493150684931506,0.952054794520548,0.8987326437424284,0.044322339296612535,1,0.9247863247863248,0.9195205479452054,0.9230769230769231,0.9367521367521368,0.9316239316239316,0.9271519728369044,0.006206489019008677,0.12250996015936255,0.13140096618357489,0.12808349146110057,0.12350597609561753,0.13225499524262607,0.12755107782845632,0.003975114062391095,33,0.13501372597953581,0.1268603827072998,0.13280865715691098,0.13441255825361786,0.13016479579651302,0.1318520239787755,0.003007692267300104,0.4851892803598201,0.4914179173103803,0.48545081967213116,0.4862627446384624,0.4906800169958065,0.4878001557953201,0.0026863165390015303,33,0.49963177066835607,0.48351436241658374,0.49540508439528635,0.49692644497136446,0.48873078005925147,0.49284168850216836,0.005886595448541484,0.7814394052936063,0.8132259909217627,0.8111700213516302,0.7781739558093228,0.8342309814552695,0.8036480709663184,0.02109874913942227,34,0.8489630577634081,0.8428422521105666,0.8387753746624274,0.8464887294919035,0.8311937281402094,0.8416526284337029,0.006259594867654846
1.2206665992736816,0.16314358795849496,0.24623532295227052,0.04129495605695918,5,28,2,75,"{'max_depth': 5, 'min_samples_leaf': 28, 'min_samples_split': 2, 'n_estimators': 75}",0.8424657534246576,0.9115646258503401,0.9178082191780822,0.8287671232876712,0.9452054794520548,0.8891622402385613,0.04536834950561006,5,0.9230769230769231,0.916095890410959,0.9196581196581196,0.9299145299145299,0.9299145299145299,0.9237319985950123,0.005509685086446543,0.12190287413280476,0.13137254901960785,0.12701421800947868,0.12027833001988071,0.13256484149855907,0.12662656253606622,0.004910216079055451,35,0.13336626327488268,0.12835892514395394,0.13238188976377951,0.13284493284493284,0.1309265944645006,0.13157572109840993,0.0018019982941011987,0.4838876257273883,0.493173456337045,0.48407983781393793,0.48232706310679613,0.49224640933830077,0.48714287846469356,0.004595320724946902,35,0.4965272944415027,0.4872608258670205,0.49497355810837307,0.4945920661715839,0.49058403695082253,0.49278755630786064,0.003388827170301992,0.7789754503761877,0.8118618725949223,0.8148465801405851,0.7831010243984358,0.8313251205527432,0.8040220096125749,0.019945487698329514,32,0.8473548804765968,0.8441559682819066,0.8416748282787463,0.848353973559183,0.8324545919708445,0.8427988485134554,0.005687278443968454
0.8776386260986329,0.060179719327396686,0.19558358192443848,0.04157532276930508,5,28,4,50,"{'max_depth': 5, 'min_samples_leaf': 28, 'min_samples_split': 4, 'n_estimators': 50}",0.8424657534246576,0.9251700680272109,0.9246575342465754,0.8493150684931506,0.952054794520548,0.8987326437424284,0.044322339296612535,1,0.9247863247863248,0.9195205479452054,0.9230769230769231,0.9367521367521368,0.9316239316239316,0.9271519728369044,0.006206489019008677,0.12250996015936255,0.13140096618357489,0.12808349146110057,0.12350597609561753,0.13225499524262607,0.12755107782845632,0.003975114062391095,33,0.13501372597953581,0.1268603827072998,0.13280865715691098,0.13441255825361786,0.13016479579651302,0.1318520239787755,0.003007692267300104,0.4851892803598201,0.4914179173103803,0.48545081967213116,0.4862627446384624,0.4906800169958065,0.4878001557953201,0.0026863165390015303,33,0.49963177066835607,0.48351436241658374,0.49540508439528635,0.49692644497136446,0.48873078005925147,0.49284168850216836,0.005886595448541484,0.7814394052936063,0.8132259909217627,0.8111700213516302,0.7781739558093228,0.8342309814552695,0.8036480709663184,0.02109874913942227,34,0.8489630577634081,0.8428422521105666,0.8387753746624274,0.8464887294919035,0.8311937281402094,0.8416526284337029,0.006259594867654846
1.4323925495147705,0.16647584392297515,0.2784570217132568,0.03878019675233962,5,28,4,75,"{'max_depth': 5, 'min_samples_leaf': 28, 'min_samples_split': 4, 'n_estimators': 75}",0.8424657534246576,0.9115646258503401,0.9178082191780822,0.8287671232876712,0.9452054794520548,0.8891622402385613,0.04536834950561006,5,0.9230769230769231,0.916095890410959,0.9196581196581196,0.9299145299145299,0.9299145299145299,0.9237319985950123,0.005509685086446543,0.12190287413280476,0.13137254901960785,0.12701421800947868,0.12027833001988071,0.13256484149855907,0.12662656253606622,0.004910216079055451,35,0.13336626327488268,0.12835892514395394,0.13238188976377951,0.13284493284493284,0.1309265944645006,0.13157572109840993,0.0018019982941011987,0.4838876257273883,0.493173456337045,0.48407983781393793,0.48232706310679613,0.49224640933830077,0.48714287846469356,0.004595320724946902,35,0.4965272944415027,0.4872608258670205,0.49497355810837307,0.4945920661715839,0.49058403695082253,0.49278755630786064,0.003388827170301992,0.7789754503761877,0.8118618725949223,0.8148465801405851,0.7831010243984358,0.8313251205527432,0.8040220096125749,0.019945487698329514,32,0.8473548804765968,0.8441559682819066,0.8416748282787463,0.848353973559183,0.8324545919708445,0.8427988485134554,0.005687278443968454
1.1899184226989745,0.33812241510609214,0.24436349868774415,0.07119079305176873,8,1,2,50,"{'max_depth': 8, 'min_samples_leaf': 1, 'min_samples_split': 2, 'n_estimators': 50}",0.7808219178082192,0.8639455782312925,0.8424657534246576,0.7397260273972602,0.8904109589041096,0.8234740471531078,0.05533916305900846,27,0.9692307692307692,0.964041095890411,0.9538461538461539,0.9692307692307692,0.958974358974359,0.9630646294344924,0.005978405327908515,0.13013698630136986,0.14399092970521543,0.1354625550660793,0.13012048192771083,0.14755959137343927,0.13745410887476295,0.007157366228242913,10,0.1612169462610179,0.15863623555931247,0.16080691642651296,0.16804979253112035,0.1592392847005393,0.1615898350957006,0.0033684386642649005,0.5081605715916504,0.522325049433884,0.5105501051470713,0.512818456551468,0.5265301000307127,0.5160768565509573,0.007101266545388651,10,0.541484708384691,0.5380104598082154,0.5421176062232869,0.5520006772681203,0.5392101699598579,0.5425647243288343,0.004947684655483187,0.7824375768112466,0.8192841059365953,0.818088309382722,0.7907780150181128,0.8496239474126142,0.8120423909122583,0.023790702619963192,15,0.9380336267157634,0.9394479918320963,0.9303828053308189,0.9417727676237033,0.9353409495907034,0.9369956282186169,0.003908451790043853
1.5345835208892822,0.12678683633747087,0.25138416290283205,0.022415330815516957,8,1,2,75,"{'max_depth': 8, 'min_samples_leaf': 1, 'min_samples_split': 2, 'n_estimators': 75}",0.7671232876712328,0.8503401360544217,0.8287671232876712,0.7602739726027398,0.8972602739726028,0.8207529587177337,0.051627214842693406,28,0.9675213675213675,0.9674657534246576,0.9572649572649573,0.9675213675213675,0.9606837606837607,0.9640914412832222,0.004315737284535421,0.12486064659977704,0.143348623853211,0.1308108108108108,0.1289198606271777,0.1457174638487208,0.13473148114793948,0.008264707229561834,12,0.1569606211869107,0.1607854297097325,0.1592266135911288,0.16166809483004857,0.1564587973273942,0.15901991132904295,0.002048054572106258,0.5001555275547378,0.5226172409363902,0.5035829058464241,0.5083597274309524,0.5227376196956109,0.511490604292823,0.009498583555143138,12,0.5347627947338719,0.5411568042805285,0.539334571096408,0.5423504052122752,0.5345594252643697,0.5384328001174906,0.003226545878363639,0.7852252630316836,0.8173660006909943,0.8156922486385336,0.7943885996689297,0.8489642060312357,0.8123272636122753,0.022069398020463985,13,0.9391345592527728,0.9418087454141748,0.9349076591935298,0.9436941373900988,0.937959026368789,0.939500825523873,0.0030502075726626305
0.9391754150390625,0.037461375443630957,0.18654627799987794,0.01250041019884494,8,1,4,50,"{'max_depth': 8, 'min_samples_leaf': 1, 'min_samples_split': 4, 'n_estimators': 50}",0.7671232876712328,0.8571428571428571,0.8835616438356164,0.7602739726027398,0.8972602739726028,0.8330724070450097,0.05813351918428379,26,0.9658119658119658,0.9623287671232876,0.9521367521367521,0.9692307692307692,0.958974358974359,0.9616965226554267,0.0058804908702616045,0.1278538812785388,0.14617169373549885,0.13550420168067226,0.13470873786407767,0.14735658042744657,0.13831901899724683,0.0074002493337339105,9,0.16226306720275704,0.15979528006823998,0.151936715766503,0.16864961332540154,0.1562674094707521,0.15978241716673075,0.005633671402134551,0.5056827910958904,0.52664097351709,0.5058435955761236,0.5182890308218271,0.5255242966751918,0.5163961375372246,0.009143248135122873,9,0.5434108439732049,0.5400121732333795,0.5277896599702816,0.5528939058123152,0.534397454354504,0.539700807468737,0.008460734629940922,0.7869458349569857,0.8173094106294007,0.8221007365112875,0.7900493006741357,0.8421988580476452,0.8117208281638909,0.020742904565227066,16,0.9339593904830332,0.9364294431342681,0.9273319994125512,0.9377122603783434,0.9350365612158325,0.9340939309248057,0.003610465235598896
1.4469841480255128,0.05016718334633619,0.35584206581115724,0.16023656826755653,8,1,4,75,"{'max_depth': 8, 'min_samples_leaf': 1, 'min_samples_split': 4, 'n_estimators': 75}",0.7945205479452054,0.8367346938775511,0.863013698630137,0.7808219178082192,0.9041095890410958,0.8358400894604416,0.0450205145424753,25,0.9675213675213675,0.9623287671232876,0.9555555555555556,0.9675213675213675,0.9606837606837607,0.9627221636810678,0.004510761236360367,0.1286031042128603,0.1402508551881414,0.1346153846153846,0.13240418118466898,0.1476510067114094,0.13670490638249294,0.0066466894343164,11,0.15925717501406866,0.15813168261114238,0.15579710144927536,0.16129951553149044,0.15516289342904474,0.15792967360700433,0.0022521917671728476,0.5037127177093632,0.5187623151706617,0.5066045370170136,0.5121174874760662,0.5253523962948047,0.5133098907335819,0.007915051439930994,11,0.5384992973615341,0.5373434151162823,0.5339301928542912,0.5417690144789626,0.5324186700461525,0.5367921179714445,0.003325824739514484,0.79032702856629,0.8175744903916032,0.8188350166734639,0.7950573375236907,0.8427026605570616,0.8128993067424218,0.018831747135103914,12,0.9346866720553234,0.9405000892052635,0.930427892975775,0.940506758937316,0.9371747632664783,0.9366592352880312,0.0038089893373815338
0.9393177986145019,0.07208146606911715,0.1834890365600586,0.014323263384039924,8,10,2,50,"{'max_depth': 8, 'min_samples_leaf': 10, 'min_samples_split': 2, 'n_estimators': 50}",0.7876712328767124,0.8639455782312925,0.8972602739726028,0.7876712328767124,0.9383561643835616,0.8549808964681762,0.05980054883833446,23,0.9606837606837607,0.9537671232876712,0.9418803418803419,0.9504273504273504,0.9521367521367521,0.9517790656831753,0.0060528633348016095,0.12665198237885464,0.1441543700340522,0.13073852295409183,0.1273532668881506,0.1389452332657201,0.13356867510417386,0.0068621572927738805,13,0.15563555801716977,0.15327462850853055,0.1439770054873269,0.1496232508073197,0.14090564128509991,0.14868321682108937,0.0055306216580346965,0.500914882081865,0.5226018888949782,0.49476882584404663,0.5021761050433757,0.5059496276861948,0.5052822659100921,0.009377306766168063,13,0.5331893458247562,0.5301088072612259,0.514788216084924,0.523976085813424,0.5078882164280616,0.5219901342824784,0.009444690640616909,0.7931506849315068,0.8290086612578482,0.8250455821318043,0.7894225463618261,0.8447748482594823,0.8162804645884936,0.02148068274167493,7,0.9033196371637702,0.9130400479159702,0.8975526388900582,0.9024464256816233,0.9052444788682065,0.9043206457039256,0.005043849277542921
1.4076680660247802,0.18079770395127276,0.22780323028564453,0.011591736122542984,8,10,2,75,"{'max_depth': 8, 'min_samples_leaf': 10, 'min_samples_split': 2, 'n_estimators': 75}",0.7876712328767124,0.8639455782312925,0.8972602739726028,0.821917808219178,0.9452054794520548,0.863200074550368,0.055307089656776755,17,0.9623931623931624,0.9537671232876712,0.9418803418803419,0.9538461538461539,0.9538461538461539,0.9531465870506967,0.00653897986579634,0.12392241379310345,0.14095449500554938,0.12996031746031747,0.13172338090010977,0.14081632653061224,0.13347538673793846,0.00658044050326903,15,0.1511003757380569,0.1513586956521739,0.14345222598281698,0.1494376004284949,0.14126582278481012,0.14732294411727057,0.004164114050511283,0.4956719150350317,0.517093012084846,0.4931728117128905,0.5061136567232313,0.5087387655655248,0.5041580322243049,0.008772805067380061,15,0.5253486442633584,0.5268599053582292,0.5138244409465081,0.5233122757601909,0.508380714371339,0.5195451961399252,0.007193727310362057,0.7928419411888132,0.8275194491106425,0.8222176906652591,0.797978192548521,0.8463372358035651,0.8173789018633603,0.019714358428309677,5,0.9055207538132231,0.9113905001641678,0.9024873974419777,0.9060119042607825,0.905249530181127,0.9061320171722557,0.002901783921992477
0.8322330951690674,0.0023415206884216367,0.1617530345916748,0.007783480962755017,8,10,4,50,"{'max_depth': 8, 'min_samples_leaf': 10, 'min_samples_split': 4, 'n_estimators': 50}",0.7876712328767124,0.8639455782312925,0.8972602739726028,0.7876712328767124,0.9383561643835616,0.8549808964681762,0.05980054883833446,23,0.9606837606837607,0.9537671232876712,0.9418803418803419,0.9504273504273504,0.9521367521367521,0.9517790656831753,0.0060528633348016095,0.12665198237885464,0.1441543700340522,0.13073852295409183,0.1273532668881506,0.1389452332657201,0.13356867510417386,0.0068621572927738805,13,0.15563555801716977,0.15327462850853055,0.1439770054873269,0.1496232508073197,0.14090564128509991,0.14868321682108937,0.0055306216580346965,0.500914882081865,0.5226018888949782,0.49476882584404663,0.5021761050433757,0.5059496276861948,0.5052822659100921,0.009377306766168063,13,0.5331893458247562,0.5301088072612259,0.514788216084924,0.523976085813424,0.5078882164280616,0.5219901342824784,0.009444690640616909,0.7931506849315068,0.8290086612578482,0.8250455821318043,0.7894225463618261,0.8447748482594823,0.8162804645884936,0.02148068274167493,7,0.9033196371637702,0.9130400479159702,0.8975526388900582,0.9024464256816233,0.9052444788682065,0.9043206457039256,0.005043849277542921
1.2345071315765381,0.017897365821982016,0.21092309951782226,0.005124506033322024,8,10,4,75,"{'max_depth': 8, 'min_samples_leaf': 10, 'min_samples_split': 4, 'n_estimators': 75}",0.7876712328767124,0.8639455782312925,0.8972602739726028,0.821917808219178,0.9452054794520548,0.863200074550368,0.055307089656776755,17,0.9623931623931624,0.9537671232876712,0.9418803418803419,0.9538461538461539,0.9538461538461539,0.9531465870506967,0.00653897986579634,0.12392241379310345,0.14095449500554938,0.12996031746031747,0.13172338090010977,0.14081632653061224,0.13347538673793846,0.00658044050326903,15,0.1511003757380569,0.1513586956521739,0.14345222598281698,0.1494376004284949,0.14126582278481012,0.14732294411727057,0.004164114050511283,0.4956719150350317,0.517093012084846,0.4931728117128905,0.5061136567232313,0.5087387655655248,0.5041580322243049,0.008772805067380061,15,0.5253486442633584,0.5268599053582292,0.5138244409465081,0.5233122757601909,0.508380714371339,0.5195451961399252,0.007193727310362057,0.7928419411888132,0.8275194491106425,0.8222176906652591,0.797978192548521,0.8463372358035651,0.8173789018633603,0.019714358428309677,5,0.9055207538132231,0.9113905001641678,0.9024873974419777,0.9060119042607825,0.905249530181127,0.9061320171722557,0.002901783921992477
0.9807139873504639,0.13527579467943787,0.1688408374786377,0.017506507271408102,8,28,2,50,"{'max_depth': 8, 'min_samples_leaf': 28, 'min_samples_split': 2, 'n_estimators': 50}",0.8356164383561644,0.8775510204081632,0.910958904109589,0.8013698630136986,0.952054794520548,0.8755102040816325,0.053306945715994807,15,0.9299145299145299,0.940068493150685,0.9247863247863248,0.9316239316239316,0.947008547008547,0.9346803652968039,0.007886228469910418,0.12423625254582485,0.1360759493670886,0.12975609756097561,0.12446808510638298,0.1364082433758587,0.13018892559122613,0.005323281600405054,23,0.13845762280478494,0.13983698420784513,0.13610062893081762,0.14163201663201663,0.13472762645914396,0.13815097580692165,0.002489077941911042,0.48978430903296144,0.506711856024379,0.4909161703302847,0.4948572231640155,0.4992862411215713,0.49631115993464237,0.00617810998407704,21,0.5057631527210095,0.5074782175871341,0.5018034790685394,0.5115898991164657,0.49626185954775154,0.50457932160818,0.005212268756150734,0.7797158358562393,0.8209907430572929,0.8156982462874552,0.7832779550416237,0.8490541707650601,0.8097473902015342,0.025726927231765267,23,0.8731596239914979,0.8726053259290466,0.8670992087211854,0.8752563307450032,0.8710491483392873,0.8718339275452042,0.002723924042291287
1.4265771389007569,0.16270717362834322,0.2774470806121826,0.07473123095833771,8,28,2,75,"{'max_depth': 8, 'min_samples_leaf': 28, 'min_samples_split': 2, 'n_estimators': 75}",0.8356164383561644,0.8775510204081632,0.9315068493150684,0.815068493150685,0.9452054794520548,0.8809896561364271,0.05116993571923205,11,0.9282051282051282,0.928082191780822,0.9316239316239316,0.9333333333333333,0.9452991452991453,0.9333087460484721,0.006324123069230229,0.1231079717457114,0.13493723849372385,0.13140096618357489,0.1248688352570829,0.138,0.13046300233601862,0.0057113234797637495,21,0.13667253964258747,0.13718046064287523,0.13693467336683418,0.14108527131782947,0.13725490196078433,0.13782556938618212,0.0016425989523429364,0.4874341402371719,0.5045568483931101,0.4916176417449519,0.493816016542558,0.5032944539833712,0.49614382018023273,0.006688409275924827,23,0.5024958848059334,0.5037638947657025,0.5026113165368217,0.5103766555631256,0.5015788530670238,0.5041653209477215,0.0031822502579971017,0.7790533856898774,0.8192602785422399,0.8213720221673105,0.7882739965933354,0.8449427824292877,0.8105804930844102,0.02393366244825415,19,0.8751682084212732,0.8720985800620988,0.8708358706826473,0.8761464843329789,0.8704235338798105,0.8729345354757617,0.0023114607793016224
0.846010160446167,0.03277242110863631,0.16173157691955567,0.006507490963412773,8,28,4,50,"{'max_depth': 8, 'min_samples_leaf': 28, 'min_samples_split': 4, 'n_estimators': 50}",0.8356164383561644,0.8775510204081632,0.910958904109589,0.8013698630136986,0.952054794520548,0.8755102040816325,0.053306945715994807,15,0.9299145299145299,0.940068493150685,0.9247863247863248,0.9316239316239316,0.947008547008547,0.9346803652968039,0.007886228469910418,0.12423625254582485,0.1360759493670886,0.12975609756097561,0.12446808510638298,0.1364082433758587,0.13018892559122613,0.005323281600405054,23,0.13845762280478494,0.13983698420784513,0.13610062893081762,0.14163201663201663,0.13472762645914396,0.13815097580692165,0.002489077941911042,0.48978430903296144,0.506711856024379,0.4909161703302847,0.4948572231640155,0.4992862411215713,0.49631115993464237,0.00617810998407704,21,0.5057631527210095,0.5074782175871341,0.5018034790685394,0.5115898991164657,0.49626185954775154,0.50457932160818,0.005212268756150734,0.7797158358562393,0.8209907430572929,0.8156982462874552,0.7832779550416237,0.8490541707650601,0.8097473902015342,0.025726927231765267,23,0.8731596239914979,0.8726053259290466,0.8670992087211854,0.8752563307450032,0.8710491483392873,0.8718339275452042,0.002723924042291287
1.2144068241119386,0.06307231232235332,0.20624589920043945,0.005483627841783582,8,28,4,75,"{'max_depth': 8, 'min_samples_leaf': 28, 'min_samples_split': 4, 'n_estimators': 75}",0.8356164383561644,0.8775510204081632,0.9315068493150684,0.815068493150685,0.9452054794520548,0.8809896561364271,0.05116993571923205,11,0.9282051282051282,0.928082191780822,0.9316239316239316,0.9333333333333333,0.9452991452991453,0.9333087460484721,0.006324123069230229,0.1231079717457114,0.13493723849372385,0.13140096618357489,0.1248688352570829,0.138,0.13046300233601862,0.0057113234797637495,21,0.13667253964258747,0.13718046064287523,0.13693467336683418,0.14108527131782947,0.13725490196078433,0.13782556938618212,0.0016425989523429364,0.4874341402371719,0.5045568483931101,0.4916176417449519,0.493816016542558,0.5032944539833712,0.49614382018023273,0.006688409275924827,23,0.5024958848059334,0.5037638947657025,0.5026113165368217,0.5103766555631256,0.5015788530670238,0.5041653209477215,0.0031822502579971017,0.7790533856898774,0.8192602785422399,0.8213720221673105,0.7882739965933354,0.8449427824292877,0.8105804930844102,0.02393366244825415,19,0.8751682084212732,0.8720985800620988,0.8708358706826473,0.8761464843329789,0.8704235338798105,0.8729345354757617,0.0023114607793016224
1.0049357891082764,0.02801085899655236,0.1740713119506836,0.002466556844538971,12,1,2,50,"{'max_depth': 12, 'min_samples_leaf': 1, 'min_samples_split': 2, 'n_estimators': 50}",0.5616438356164384,0.5714285714285714,0.636986301369863,0.541095890410959,0.6917808219178082,0.600587084148728,0.05576235006749827,36,0.9982905982905983,0.9931506849315068,0.9931623931623932,0.9965811965811966,0.9948717948717949,0.995211333567498,0.001995901401462131,0.14855072463768115,0.1721311475409836,0.1495176848874598,0.15551181102362205,0.19092627599243855,0.16332752881643703,0.01618237142095663,3,0.2774346793349169,0.2998965873836608,0.26836027713625865,0.27487034417727485,0.2834875791524598,0.2808098934369142,0.010706401340166202,0.5533574725646764,0.5770433415482398,0.5499793804985338,0.5618317213940766,0.5931182795698925,0.5670660391150838,0.016034603693934897,3,0.6716729600948719,0.6902210020257831,0.6637107289499766,0.6694440477682349,0.6767682973976676,0.6743634072473068,0.008968444316206128,0.7829771289829441,0.8203354897125226,0.8183312141640477,0.7929791521723486,0.8469819830626394,0.8123209936189004,0.0225251340070236,14,0.9950008981094796,0.9948525189617407,0.9919865597659184,0.993645448346116,0.9941999702533795,0.993937079087327,0.001088891817689522
1.7802076816558838,0.3002562947990226,0.34993648529052734,0.1740025489779723,12,1,2,75,"{'max_depth': 12, 'min_samples_leaf': 1, 'min_samples_split': 2, 'n_estimators': 75}",0.5753424657534246,0.54421768707483,0.6164383561643836,0.5616438356164384,0.7328767123287672,0.6061038113875687,0.06772150831461957,35,0.9982905982905983,0.9931506849315068,0.9982905982905983,0.9982905982905983,0.9948717948717949,0.9965788549350194,0.002165945501555614,0.14558058925476602,0.1735357917570499,0.1485148514851485,0.15298507462686567,0.18938053097345134,0.1619993676194563,0.01682547547632524,4,0.26924850161364683,0.30526315789473685,0.26497277676951,0.2693726937269373,0.27465785747994337,0.27670299749695487,0.014606616994949816,0.54913739261894,0.5789226239081484,0.5500605978992729,0.5582432206685206,0.5905983140668333,0.5653924298323431,0.01654572602621349,4,0.6645360169919322,0.6944567415680191,0.6607299832005028,0.6646515411872078,0.669239075876793,0.670722671764891,0.012169587295342805,0.7871886334342496,0.8237845050454508,0.8177974234100233,0.7970695487368951,0.8461513086869946,0.8143982838627227,0.020729495993606514,10,0.9949820003891808,0.9959404108839416,0.9935365644898314,0.9946091265999333,0.9942531025818757,0.9946642409889526,0.0007966564265265825
1.0869060039520264,0.11006222226691136,0.2017129898071289,0.019009489730458157,12,1,4,50,"{'max_depth': 12, 'min_samples_leaf': 1, 'min_samples_split': 4, 'n_estimators': 50}",0.5958904109589042,0.5510204081632653,0.6232876712328768,0.5342465753424658,0.7328767123287672,0.6074643556052558,0.07022728142327281,34,0.9948717948717949,0.9931506849315068,0.9948717948717949,0.9982905982905983,0.9965811965811966,0.9955532139093783,0.0017464724975321101,0.1596330275229358,0.16735537190082644,0.15294117647058825,0.1541501976284585,0.1854419410745234,0.16390434291946648,0.011910971744399696,2,0.27285513361462727,0.291897332662305,0.27069767441860465,0.27625354777672656,0.26225820962663066,0.2747923796197788,0.009719458638792986,0.563928940819059,0.5729434207781146,0.5549507417487638,0.5606965406237607,0.5864764592780264,0.5677992206495449,0.011007384587873486,2,0.6676678583289378,0.683775834753668,0.6657864818607537,0.670661296869515,0.6582702771389956,0.669232349790374,0.00834318309481382,0.798288420610893,0.8255090127119149,0.8114159249574168,0.7883219777847085,0.8469819830626395,0.8141034638255146,0.020654815671635636,11,0.9927967877617615,0.9941973475302137,0.9922082562774256,0.9932901726707134,0.9923837426299941,0.9929752613740217,0.0007159200752812921
1.7277917861938477,0.16605414208840147,0.3368241786956787,0.16178032382301225,12,1,4,75,"{'max_depth': 12, 'min_samples_leaf': 1, 'min_samples_split': 4, 'n_estimators': 75}",0.6095890410958904,0.5918367346938775,0.6506849315068494,0.5753424657534246,0.7397260273972602,0.6334358400894604,0.05876926170431603,33,0.9965811965811966,0.9931506849315068,0.9914529914529915,0.9982905982905983,0.9965811965811966,0.995211333567498,0.0025142127530586728,0.15084745762711865,0.17330677290836655,0.15522875816993464,0.16310679611650486,0.18430034129692832,0.16535802522377058,0.012167338110590264,1,0.2619047619047619,0.2821011673151751,0.26208766380478987,0.2698706099815157,0.2588809946714032,0.2669690395355292,0.00839394554262546,0.5533039421273367,0.577679257504013,0.5560952955569649,0.5683757281018209,0.5850409836065573,0.5680990413793385,0.012180897985066852,1,0.6579436664686549,0.6756545937893397,0.6580899128357334,0.6650913817554174,0.6551886561079359,0.6623936421914163,0.007394144045133595,0.798516231527832,0.8216072768862361,0.8136050668138091,0.7951293093107502,0.8488142648081952,0.8155344298693645,0.01925688108728726,9,0.9930241217237715,0.9949533433982858,0.9927122650554849,0.9944072611687803,0.9922537180937093,0.9934701418880063,0.0010325771054988798
1.2791372299194337,0.2635899364602945,0.1994957447052002,0.02788854757218909,12,10,2,50,"{'max_depth': 12, 'min_samples_leaf': 10, 'min_samples_split': 2, 'n_estimators': 50}",0.7465753424657534,0.8095238095238095,0.8287671232876712,0.7534246575342466,0.8904109589041096,0.8057403783431181,0.05282251160423466,29,0.9641025641025641,0.9554794520547946,0.9538461538461539,0.9572649572649573,0.9538461538461539,0.9569078562229247,0.0038126034145435535,0.13557213930348258,0.16037735849056603,0.13908045977011493,0.14084507042253522,0.15568862275449102,0.14631273014823795,0.009831403378608768,5,0.17685794920037629,0.17793367346938777,0.17270194986072424,0.17429193899782136,0.1701219512195122,0.1743814925495644,0.0028186309675158486,0.5211785598966742,0.5519302536213933,0.518418109416864,0.5287818533247428,0.5395815151450648,0.5319780582809479,0.012382404934893287,5,0.5650039390484509,0.5671861086375779,0.5598430007099015,0.5618650450592718,0.556144831911668,0.562008585073374,0.003869699115080616,0.7978777614579898,0.8283027747000726,0.8226585178609984,0.7928651968428376,0.8519750257898904,0.8187358553303576,0.02152257759173001,1,0.9485729414582305,0.9496475642465305,0.9432301649440753,0.946705468233322,0.9419336612945017,0.9460179600353319,0.0029875716560039986
1.3861705780029296,0.006994952038463285,0.27259259223937987,0.07700566158581389,12,10,2,75,"{'max_depth': 12, 'min_samples_leaf': 10, 'min_samples_split': 2, 'n_estimators': 75}",0.7671232876712328,0.8095238095238095,0.8287671232876712,0.7397260273972602,0.8835616438356164,0.8057403783431181,0.04989963711262424,29,0.9641025641025641,0.9554794520547946,0.9538461538461539,0.958974358974359,0.9538461538461539,0.957249736564805,0.0039048233150704606,0.1339712918660287,0.1543450064850843,0.14069767441860465,0.1377551020408163,0.15140845070422534,0.1436355051029519,0.007895810407628078,7,0.17274119448698316,0.17448405253283303,0.174375,0.17250922509225092,0.16562778272484416,0.17194745096738223,0.003262243628107368,0.5163725407856888,0.5434227330779055,0.5211605303312455,0.5252893376015759,0.5334532347968853,0.5279396753186603,0.009559331710688757,7,0.5592051534919672,0.5624196553817808,0.5622014865533709,0.5592277737886806,0.5495154248029224,0.5585138988037445,0.0047077218001842025,0.7970234705194688,0.8250473569462811,0.8220317635486888,0.795324232900703,0.851009404313509,0.8180872456457301,0.02054121843488941,3,0.9490992710344724,0.9489058112356654,0.9455062491288824,0.947033242316158,0.9433145405784128,0.9467718228587183,0.0021722679009670994
0.9351860523223877,0.008097500972426055,0.17193474769592285,0.005454774961649951,12,10,4,50,"{'max_depth': 12, 'min_samples_leaf': 10, 'min_samples_split': 4, 'n_estimators': 50}",0.7465753424657534,0.8095238095238095,0.8287671232876712,0.7534246575342466,0.8904109589041096,0.8057403783431181,0.05282251160423466,29,0.9641025641025641,0.9554794520547946,0.9538461538461539,0.9572649572649573,0.9538461538461539,0.9569078562229247,0.0038126034145435535,0.13557213930348258,0.16037735849056603,0.13908045977011493,0.14084507042253522,0.15568862275449102,0.14631273014823795,0.009831403378608768,5,0.17685794920037629,0.17793367346938777,0.17270194986072424,0.17429193899782136,0.1701219512195122,0.1743814925495644,0.0028186309675158486,0.5211785598966742,0.5519302536213933,0.518418109416864,0.5287818533247428,0.5395815151450648,0.5319780582809479,0.012382404934893287,5,0.5650039390484509,0.5671861086375779,0.5598430007099015,0.5618650450592718,0.556144831911668,0.562008585073374,0.003869699115080616,0.7978777614579898,0.8283027747000726,0.8226585178609984,0.7928651968428376,0.8519750257898904,0.8187358553303576,0.02152257759173001,1,0.9485729414582305,0.9496475642465305,0.9432301649440753,0.946705468233322,0.9419336612945017,0.9460179600353319,0.0029875716560039986
1.3926126480102539,0.01864166728425808,0.2326148509979248,0.003936611541970511,12,10,4,75,"{'max_depth': 12, 'min_samples_leaf': 10, 'min_samples_split': 4, 'n_estimators': 75}",0.7671232876712328,0.8095238095238095,0.8287671232876712,0.7397260273972602,0.8835616438356164,0.8057403783431181,0.04989963711262424,29,0.9641025641025641,0.9554794520547946,0.9538461538461539,0.958974358974359,0.9538461538461539,0.957249736564805,0.0039048233150704606,0.1339712918660287,0.1543450064850843,0.14069767441860465,0.1377551020408163,0.15140845070422534,0.1436355051029519,0.007895810407628078,7,0.17274119448698316,0.17448405253283303,0.174375,0.17250922509225092,0.16562778272484416,0.17194745096738223,0.003262243628107368,0.5163725407856888,0.5434227330779055,0.5211605303312455,0.5252893376015759,0.5334532347968853,0.5279396753186603,0.009559331710688757,7,0.5592051534919672,0.5624196553817808,0.5622014865533709,0.5592277737886806,0.5495154248029224,0.5585138988037445,0.0047077218001842025,0.7970234705194688,0.8250473569462811,0.8220317635486888,0.795324232900703,0.851009404313509,0.8180872456457301,0.02054121843488941,3,0.9490992710344724,0.9489058112356654,0.9455062491288824,0.947033242316158,0.9433145405784128,0.9467718228587183,0.0021722679009670994
0.8663297176361084,0.005217722320589187,0.1635283946990967,0.002738098701931148,12,28,2,50,"{'max_depth': 12, 'min_samples_leaf': 28, 'min_samples_split': 2, 'n_estimators': 50}",0.8287671232876712,0.891156462585034,0.8904109589041096,0.7602739726027398,0.9315068493150684,0.8604230733389245,0.059880980710345845,21,0.9247863247863248,0.9417808219178082,0.9299145299145299,0.9333333333333333,0.9401709401709402,0.9339971900245875,0.00633480819026063,0.12461380020597322,0.13995726495726496,0.1325178389398573,0.1264236902050114,0.13709677419354838,0.13212187370033107,0.005918449835566324,19,0.13997412677878396,0.14364063724209977,0.14410596026490066,0.14926189174412247,0.1390293225480283,0.14320238771558702,0.003621111338801379,0.4915034429672269,0.5123336746763777,0.4992240481605936,0.5038624625260688,0.5031726050113844,0.5020192466683302,0.006775106899181688,19,0.5092464595349729,0.5144115289034749,0.5163113475850223,0.5250380388689898,0.5056721419373728,0.5141359033659665,0.00662128392398368,0.7838164323611404,0.8179884913685262,0.8220047741285416,0.7809418707866516,0.8450927236523282,0.8099688584594376,0.024369567449019868,21,0.8893366338856706,0.8921266609795188,0.8883811383975552,0.8917924583898098,0.8876324215713512,0.8898538626447812,0.0018052705322676146
1.2882416725158692,0.006618868420760376,0.2199173927307129,0.006325658362686626,12,28,2,75,"{'max_depth': 12, 'min_samples_leaf': 28, 'min_samples_split': 2, 'n_estimators': 75}",0.821917808219178,0.8707482993197279,0.9041095890410958,0.7808219178082192,0.9315068493150684,0.8618208927406579,0.054547694838817024,19,0.9299145299145299,0.9332191780821918,0.9230769230769231,0.935042735042735,0.935042735042735,0.9312592202318231,0.004499546248334563,0.125,0.1377825618945102,0.13319878910191726,0.12780269058295965,0.13793103448275862,0.13234301521242914,0.005216922398751499,17,0.14093264248704662,0.14330791480410202,0.14169509315140383,0.14827866630523176,0.13844596304732978,0.1425320559590228,0.0032735385410075056,0.49321688071839725,0.5106653941247052,0.49885082887024035,0.5038611264870555,0.5047979951166988,0.5022784450634195,0.005883101710204,17,0.5104623174353655,0.514732176079245,0.5126581895773984,0.5231710247517682,0.5051494551651067,0.5132346326017767,0.005905296564102898,0.7850723899163694,0.8163235521879505,0.8234622028164958,0.78526017801022,0.8463252405057218,0.8112887126873515,0.023519702163758597,17,0.8923187315700452,0.8932930760223748,0.890246943721826,0.8947240907402886,0.8899953135041239,0.8921156311117316,0.0018010789691683185
0.8679032325744629,0.002283631606995685,0.16371593475341797,0.00332004935739033,12,28,4,50,"{'max_depth': 12, 'min_samples_leaf': 28, 'min_samples_split': 4, 'n_estimators': 50}",0.8287671232876712,0.891156462585034,0.8904109589041096,0.7602739726027398,0.9315068493150684,0.8604230733389245,0.059880980710345845,21,0.9247863247863248,0.9417808219178082,0.9299145299145299,0.9333333333333333,0.9401709401709402,0.9339971900245875,0.00633480819026063,0.12461380020597322,0.13995726495726496,0.1325178389398573,0.1264236902050114,0.13709677419354838,0.13212187370033107,0.005918449835566324,19,0.13997412677878396,0.14364063724209977,0.14410596026490066,0.14926189174412247,0.1390293225480283,0.14320238771558702,0.003621111338801379,0.4915034429672269,0.5123336746763777,0.4992240481605936,0.5038624625260688,0.5031726050113844,0.5020192466683302,0.006775106899181688,19,0.5092464595349729,0.5144115289034749,0.5163113475850223,0.5250380388689898,0.5056721419373728,0.5141359033659665,0.00662128392398368,0.7838164323611404,0.8179884913685262,0.8220047741285416,0.7809418707866516,0.8450927236523282,0.8099688584594376,0.024369567449019868,21,0.8893366338856706,0.8921266609795188,0.8883811383975552,0.8917924583898098,0.8876324215713512,0.8898538626447812,0.0018052705322676146
1.3078200817108154,0.012459833083398639,0.22479114532470704,0.004477111086973498,12,28,4,75,"{'max_depth': 12, 'min_samples_leaf': 28, 'min_samples_split': 4, 'n_estimators': 75}",0.821917808219178,0.8707482993197279,0.9041095890410958,0.7808219178082192,0.9315068493150684,0.8618208927406579,0.054547694838817024,19,0.9299145299145299,0.9332191780821918,0.9230769230769231,0.935042735042735,0.935042735042735,0.9312592202318231,0.004499546248334563,0.125,0.1377825618945102,0.13319878910191726,0.12780269058295965,0.13793103448275862,0.13234301521242914,0.005216922398751499,17,0.14093264248704662,0.14330791480410202,0.14169509315140383,0.14827866630523176,0.13844596304732978,0.1425320559590228,0.0032735385410075056,0.49321688071839725,0.5106653941247052,0.49885082887024035,0.5038611264870555,0.5047979951166988,0.5022784450634195,0.005883101710204,17,0.5104623174353655,0.514732176079245,0.5126581895773984,0.5231710247517682,0.5051494551651067,0.5132346326017767,0.005905296564102898,0.7850723899163694,0.8163235521879505,0.8234622028164958,0.78526017801022,0.8463252405057218,0.8112887126873515,0.023519702163758597,17,0.8923187315700452,0.8932930760223748,0.890246943721826,0.8947240907402886,0.8899953135041239,0.8921156311117316,0.0018010789691683185
