mean_fit_time,std_fit_time,mean_score_time,std_score_time,param_max_depth,param_min_samples_leaf,param_min_samples_split,param_n_estimators,params,split0_test_recall,split1_test_recall,split2_test_recall,split3_test_recall,split4_test_recall,mean_test_recall,std_test_recall,rank_test_recall,split0_train_recall,split1_train_recall,split2_train_recall,split3_train_recall,split4_train_recall,mean_train_recall,std_train_recall,split0_test_precision,split1_test_precision,split2_test_precision,split3_test_precision,split4_test_precision,mean_test_precision,std_test_precision,rank_test_precision,split0_train_precision,split1_train_precision,split2_train_precision,split3_train_precision,split4_train_precision,mean_train_precision,std_train_precision,split0_test_f1,split1_test_f1,split2_test_f1,split3_test_f1,split4_test_f1,mean_test_f1,std_test_f1,rank_test_f1,split0_train_f1,split1_train_f1,split2_train_f1,split3_train_f1,split4_train_f1,mean_train_f1,std_train_f1,split0_test_roc_auc,split1_test_roc_auc,split2_test_roc_auc,split3_test_roc_auc,split4_test_roc_auc,mean_test_roc_auc,std_test_roc_auc,rank_test_roc_auc,split0_train_roc_auc,split1_train_roc_auc,split2_train_roc_auc,split3_train_roc_auc,split4_train_roc_auc,mean_train_roc_auc,std_train_roc_auc
0.6649868011474609,0.09098301452958941,0.1440342426300049,0.023184104184520625,3,1,2,50,"{'max_depth': 3, 'min_samples_leaf': 1, 'min_samples_split': 2, 'n_estimators': 50}",1.0,1.0,1.0,1.0,1.0,1.0,0.0,1,1.0,1.0,1.0,1.0,1.0,1.0,0.0,0.060057589469354175,0.060468942821883996,0.060082304526748974,0.060082304526748974,0.060082304526748974,0.06015468917429702,0.00015741811796846734,49,0.06017899393066557,0.060076123855570415,0.060172803949804565,0.06017899393066557,0.060172803949804565,0.06015594392330213,4.000592425861618e-05,0.11331005044625533,0.11404189294026378,0.11335403726708075,0.11335403726708075,0.11335403726708075,0.11348281103755227,0.00028005958213535157,49,0.11352610130021347,0.1133430373605046,0.11351508683419036,0.11352610130021347,0.11351508683419036,0.11348508272586244,7.119329425771666e-05,0.7573588921195408,0.8159304001810881,0.7994431182976273,0.7735167814216827,0.8073240289806396,0.7907146442001157,0.021891847585605764,64,0.8316857702037211,0.8301129795907354,0.8250359906045579,0.8313648179796806,0.8212887583030956,0.8278976633363581,0.004077875369081211
0.8796158313751221,0.013603603921434455,0.17247986793518066,0.00457859276930595,3,1,2,75,"{'max_depth': 3, 'min_samples_leaf': 1, 'min_samples_split': 2, 'n_estimators': 75}",1.0,1.0,1.0,1.0,1.0,1.0,0.0,1,1.0,1.0,1.0,1.0,1.0,1.0,0.0,0.060057589469354175,0.060468942821883996,0.060082304526748974,0.060082304526748974,0.060082304526748974,0.06015468917429702,0.00015741811796846734,49,0.06017899393066557,0.060076123855570415,0.060172803949804565,0.06017899393066557,0.060172803949804565,0.06015594392330213,4.000592425861618e-05,0.11331005044625533,0.11404189294026378,0.11335403726708075,0.11335403726708075,0.11335403726708075,0.11348281103755227,0.00028005958213535157,49,0.11352610130021347,0.1133430373605046,0.11351508683419036,0.11352610130021347,0.11351508683419036,0.11348508272586244,7.119329425771666e-05,0.7669374419232037,0.8210949879075973,0.8015647866036513,0.7797333445289447,0.8145197082743565,0.7967700538475506,0.0205425232633892,54,0.8375740940320625,0.8355476603483353,0.8355821965540691,0.843935852067624,0.829742691732404,0.8364764989468989,0.004557484864804995
0.5879393577575683,0.005734776545987482,0.1297882080078125,0.0014326968459763777,3,1,4,50,"{'max_depth': 3, 'min_samples_leaf': 1, 'min_samples_split': 4, 'n_estimators': 50}",1.0,1.0,1.0,1.0,1.0,1.0,0.0,1,1.0,1.0,1.0,1.0,1.0,1.0,0.0,0.060057589469354175,0.060468942821883996,0.060082304526748974,0.060082304526748974,0.060082304526748974,0.06015468917429702,0.00015741811796846734,49,0.06017899393066557,0.060076123855570415,0.060172803949804565,0.06017899393066557,0.060172803949804565,0.06015594392330213,4.000592425861618e-05,0.11331005044625533,0.11404189294026378,0.11335403726708075,0.11335403726708075,0.11335403726708075,0.11348281103755227,0.00028005958213535157,49,0.11352610130021347,0.1133430373605046,0.11351508683419036,0.11352610130021347,0.11351508683419036,0.11348508272586244,7.119329425771666e-05,0.757313929438566,0.8162401563077069,0.8002183144207471,0.7736127438044286,0.8073000383849531,0.7909370364712804,0.022021726855080078,63,0.8319168462885624,0.829150649699176,0.8232523158866598,0.8312435864695906,0.8212700497367237,0.8273666896161425,0.004313093032589896
0.8616915225982666,0.009645052649967992,0.1658177852630615,0.0030131026198607206,3,1,4,75,"{'max_depth': 3, 'min_samples_leaf': 1, 'min_samples_split': 4, 'n_estimators': 75}",1.0,1.0,1.0,1.0,1.0,1.0,0.0,1,1.0,1.0,1.0,1.0,1.0,1.0,0.0,0.060057589469354175,0.060468942821883996,0.060082304526748974,0.060082304526748974,0.060082304526748974,0.06015468917429702,0.00015741811796846734,49,0.06017899393066557,0.060076123855570415,0.060172803949804565,0.06017899393066557,0.060172803949804565,0.06015594392330213,4.000592425861618e-05,0.11331005044625533,0.11404189294026378,0.11335403726708075,0.11335403726708075,0.11335403726708075,0.11348281103755227,0.00028005958213535157,49,0.11352610130021347,0.1133430373605046,0.11351508683419036,0.11352610130021347,0.11351508683419036,0.11348508272586244,7.119329425771666e-05,0.7669913971403736,0.8220242562874537,0.8020386008684596,0.7797813257203177,0.8145017153275915,0.7970674590688391,0.020759996034520764,53,0.8378053572230454,0.8348227738788998,0.8342290059483888,0.843845863863375,0.8297290344789525,0.8360864070785322,0.00466104823803665
0.5876417636871338,0.002957842544797429,0.12634611129760742,0.0015785844100967936,3,5,2,50,"{'max_depth': 3, 'min_samples_leaf': 5, 'min_samples_split': 2, 'n_estimators': 50}",1.0,1.0,1.0,1.0,1.0,1.0,0.0,1,1.0,1.0,1.0,1.0,1.0,1.0,0.0,0.060057589469354175,0.060468942821883996,0.060082304526748974,0.060082304526748974,0.060082304526748974,0.06015468917429702,0.00015741811796846734,49,0.06017899393066557,0.060076123855570415,0.060172803949804565,0.060172803949804565,0.060172803949804565,0.06015470592712994,3.936410639282166e-05,0.11331005044625533,0.11404189294026378,0.11335403726708075,0.11335403726708075,0.11335403726708075,0.11348281103755227,0.00028005958213535157,49,0.11352610130021347,0.1133430373605046,0.11351508683419036,0.11351508683419036,0.11351508683419036,0.11348287983265784,7.005124569732788e-05,0.7559995203980696,0.815958695211885,0.7970770457980474,0.7850982414893362,0.8140383969483962,0.793634379969147,0.021980897265750254,58,0.8283984088493721,0.8301138229178067,0.8255550597785467,0.8346947557082175,0.8269425806035196,0.8291409255714924,0.003163354030136971
0.8852207660675049,0.03215269193637144,0.16488204002380372,0.002277836544037442,3,5,2,75,"{'max_depth': 3, 'min_samples_leaf': 5, 'min_samples_split': 2, 'n_estimators': 75}",1.0,1.0,1.0,1.0,1.0,1.0,0.0,1,1.0,1.0,1.0,1.0,1.0,1.0,0.0,0.060057589469354175,0.060468942821883996,0.060082304526748974,0.060082304526748974,0.060082304526748974,0.06015468917429702,0.00015741811796846734,49,0.06017899393066557,0.060076123855570415,0.060172803949804565,0.060172803949804565,0.060172803949804565,0.06015470592712994,3.936410639282166e-05,0.11331005044625533,0.11404189294026378,0.11335403726708075,0.11335403726708075,0.11335403726708075,0.11348281103755227,0.00028005958213535157,49,0.11352610130021347,0.1133430373605046,0.11351508683419036,0.11351508683419036,0.11351508683419036,0.11348287983265784,7.005124569732788e-05,0.7642786487215611,0.8243161537820032,0.7991417364393159,0.7890027109373126,0.8258702588585275,0.8005219017477441,0.023051575396103776,41,0.8344225717364946,0.8379142235169063,0.8326947164202282,0.8406613852383799,0.838600356024018,0.8368586505872054,0.002894180048980479
0.5889747619628907,0.0053260336479784755,0.12707996368408203,0.003580730493448316,3,5,4,50,"{'max_depth': 3, 'min_samples_leaf': 5, 'min_samples_split': 4, 'n_estimators': 50}",1.0,1.0,1.0,1.0,1.0,1.0,0.0,1,1.0,1.0,1.0,1.0,1.0,1.0,0.0,0.060057589469354175,0.060468942821883996,0.060082304526748974,0.060082304526748974,0.060082304526748974,0.06015468917429702,0.00015741811796846734,49,0.06017899393066557,0.060076123855570415,0.060172803949804565,0.060172803949804565,0.060172803949804565,0.06015470592712994,3.936410639282166e-05,0.11331005044625533,0.11404189294026378,0.11335403726708075,0.11335403726708075,0.11335403726708075,0.11348281103755227,0.00028005958213535157,49,0.11352610130021347,0.1133430373605046,0.11351508683419036,0.11351508683419036,0.11351508683419036,0.11348287983265784,7.005124569732788e-05,0.7559995203980696,0.815958695211885,0.7970770457980474,0.7850982414893362,0.8140383969483962,0.793634379969147,0.021980897265750254,58,0.8283984088493721,0.8301138229178067,0.8255550597785467,0.8346947557082175,0.8269425806035196,0.8291409255714924,0.003163354030136971
0.8663239002227783,0.008450352851430145,0.1660090923309326,0.0014090667972514134,3,5,4,75,"{'max_depth': 3, 'min_samples_leaf': 5, 'min_samples_split': 4, 'n_estimators': 75}",1.0,1.0,1.0,1.0,1.0,1.0,0.0,1,1.0,1.0,1.0,1.0,1.0,1.0,0.0,0.060057589469354175,0.060468942821883996,0.060082304526748974,0.060082304526748974,0.060082304526748974,0.06015468917429702,0.00015741811796846734,49,0.06017899393066557,0.060076123855570415,0.060172803949804565,0.060172803949804565,0.060172803949804565,0.06015470592712994,3.936410639282166e-05,0.11331005044625533,0.11404189294026378,0.11335403726708075,0.11335403726708075,0.11335403726708075,0.11348281103755227,0.00028005958213535157,49,0.11352610130021347,0.1133430373605046,0.11351508683419036,0.11351508683419036,0.11351508683419036,0.11348287983265784,7.005124569732788e-05,0.7642786487215611,0.8243161537820032,0.7991417364393159,0.7890027109373126,0.8258702588585275,0.8005219017477441,0.023051575396103776,41,0.8344225717364946,0.8379142235169063,0.8326947164202282,0.8406613852383799,0.838600356024018,0.8368586505872054,0.002894180048980479
0.5930404663085938,0.005789004089457871,0.13086600303649903,0.004179260031172915,3,10,2,50,"{'max_depth': 3, 'min_samples_leaf': 10, 'min_samples_split': 2, 'n_estimators': 50}",1.0,1.0,1.0,1.0,1.0,1.0,0.0,1,1.0,1.0,1.0,1.0,1.0,1.0,0.0,0.060057589469354175,0.060468942821883996,0.060082304526748974,0.060082304526748974,0.060082304526748974,0.06015468917429702,0.00015741811796846734,49,0.06017899393066557,0.060076123855570415,0.060172803949804565,0.060172803949804565,0.060172803949804565,0.06015470592712994,3.936410639282166e-05,0.11331005044625533,0.11404189294026378,0.11335403726708075,0.11335403726708075,0.11335403726708075,0.11348281103755227,0.00028005958213535157,49,0.11352610130021347,0.1133430373605046,0.11351508683419036,0.11351508683419036,0.11351508683419036,0.11348287983265784,7.005124569732788e-05,0.7633104523245705,0.8099854652894433,0.8048709905716959,0.7878001823285273,0.8255403881678383,0.798301495736415,0.02124279346102008,49,0.8317307692307692,0.8263345932015095,0.8225540186468281,0.8351808042625598,0.8241112261687944,0.8279822823020921,0.004754700283723031
0.8655162334442139,0.00660266100018558,0.1663811206817627,0.001776514643090834,3,10,2,75,"{'max_depth': 3, 'min_samples_leaf': 10, 'min_samples_split': 2, 'n_estimators': 75}",1.0,1.0,1.0,1.0,1.0,1.0,0.0,1,1.0,1.0,1.0,1.0,1.0,1.0,0.0,0.060057589469354175,0.060468942821883996,0.060082304526748974,0.060082304526748974,0.060082304526748974,0.06015468917429702,0.00015741811796846734,49,0.06017899393066557,0.060076123855570415,0.060172803949804565,0.060172803949804565,0.060172803949804565,0.06015470592712994,3.936410639282166e-05,0.11331005044625533,0.11404189294026378,0.11335403726708075,0.11335403726708075,0.11335403726708075,0.11348281103755227,0.00028005958213535157,49,0.11352610130021347,0.1133430373605046,0.11351508683419036,0.11351508683419036,0.11351508683419036,0.11348287983265784,7.005124569732788e-05,0.7669164593387487,0.8173451517209336,0.8037119449175923,0.7902832089820789,0.8329594798838855,0.8022432489686478,0.02264833767941311,33,0.8356873157004507,0.8330941407883946,0.8286186810647793,0.8388004441413657,0.8311616429488815,0.8334724449287745,0.003530868777083886
0.5815707683563233,0.005245434783486439,0.12756543159484862,0.0013836923264273695,3,10,4,50,"{'max_depth': 3, 'min_samples_leaf': 10, 'min_samples_split': 4, 'n_estimators': 50}",1.0,1.0,1.0,1.0,1.0,1.0,0.0,1,1.0,1.0,1.0,1.0,1.0,1.0,0.0,0.060057589469354175,0.060468942821883996,0.060082304526748974,0.060082304526748974,0.060082304526748974,0.06015468917429702,0.00015741811796846734,49,0.06017899393066557,0.060076123855570415,0.060172803949804565,0.060172803949804565,0.060172803949804565,0.06015470592712994,3.936410639282166e-05,0.11331005044625533,0.11404189294026378,0.11335403726708075,0.11335403726708075,0.11335403726708075,0.11348281103755227,0.00028005958213535157,49,0.11352610130021347,0.1133430373605046,0.11351508683419036,0.11351508683419036,0.11351508683419036,0.11348287983265784,7.005124569732788e-05,0.7633104523245705,0.8099854652894433,0.8048709905716959,0.7878001823285273,0.8255403881678383,0.798301495736415,0.02124279346102008,49,0.8317307692307692,0.8263345932015095,0.8225540186468281,0.8351808042625598,0.8241112261687944,0.8279822823020921,0.004754700283723031
0.886778736114502,0.04601056083608712,0.16526870727539061,0.0015087594975711138,3,10,4,75,"{'max_depth': 3, 'min_samples_leaf': 10, 'min_samples_split': 4, 'n_estimators': 75}",1.0,1.0,1.0,1.0,1.0,1.0,0.0,1,1.0,1.0,1.0,1.0,1.0,1.0,0.0,0.060057589469354175,0.060468942821883996,0.060082304526748974,0.060082304526748974,0.060082304526748974,0.06015468917429702,0.00015741811796846734,49,0.06017899393066557,0.060076123855570415,0.060172803949804565,0.060172803949804565,0.060172803949804565,0.06015470592712994,3.936410639282166e-05,0.11331005044625533,0.11404189294026378,0.11335403726708075,0.11335403726708075,0.11335403726708075,0.11348281103755227,0.00028005958213535157,49,0.11352610130021347,0.1133430373605046,0.11351508683419036,0.11351508683419036,0.11351508683419036,0.11348287983265784,7.005124569732788e-05,0.7669164593387487,0.8173451517209336,0.8037119449175923,0.7902832089820789,0.8329594798838855,0.8022432489686478,0.02264833767941311,33,0.8356873157004507,0.8330941407883946,0.8286186810647793,0.8388004441413657,0.8311616429488815,0.8334724449287745,0.003530868777083886
0.5864460468292236,0.008748079660078605,0.12627878189086914,0.0008060402854210675,3,20,2,50,"{'max_depth': 3, 'min_samples_leaf': 20, 'min_samples_split': 2, 'n_estimators': 50}",1.0,1.0,1.0,1.0,1.0,1.0,0.0,1,1.0,1.0,1.0,1.0,1.0,1.0,0.0,0.060057589469354175,0.060468942821883996,0.060082304526748974,0.060082304526748974,0.060082304526748974,0.06015468917429702,0.00015741811796846734,49,0.06017899393066557,0.060076123855570415,0.060172803949804565,0.060172803949804565,0.060172803949804565,0.06015470592712994,3.936410639282166e-05,0.11331005044625533,0.11404189294026378,0.11335403726708075,0.11335403726708075,0.11335403726708075,0.11348281103755227,0.00028005958213535157,49,0.11352610130021347,0.1133430373605046,0.11351508683419036,0.11351508683419036,0.11351508683419036,0.11348287983265784,7.005124569732788e-05,0.7598333383291866,0.8088625993304502,0.8014103471439196,0.7867805820118513,0.8168063119257252,0.7947386357482266,0.020063353753931625,56,0.823953047584834,0.820568859716852,0.8176283337495989,0.8276464904132629,0.8140085067851291,0.8207610476499354,0.0047549095963081035
0.867652177810669,0.011546480752893424,0.1666560649871826,0.0031209289885950585,3,20,2,75,"{'max_depth': 3, 'min_samples_leaf': 20, 'min_samples_split': 2, 'n_estimators': 75}",1.0,1.0,1.0,1.0,1.0,1.0,0.0,1,1.0,1.0,1.0,1.0,1.0,1.0,0.0,0.060057589469354175,0.060468942821883996,0.060082304526748974,0.060082304526748974,0.060082304526748974,0.06015468917429702,0.00015741811796846734,49,0.06017899393066557,0.060076123855570415,0.060172803949804565,0.060172803949804565,0.060172803949804565,0.06015470592712994,3.936410639282166e-05,0.11331005044625533,0.11404189294026378,0.11335403726708075,0.11335403726708075,0.11335403726708075,0.11348281103755227,0.00028005958213535157,49,0.11352610130021347,0.1133430373605046,0.11351508683419036,0.11351508683419036,0.11351508683419036,0.11348287983265784,7.005124569732788e-05,0.7598842960342916,0.8189803066585652,0.8028272917016529,0.7873743492550921,0.8238880358899312,0.7985908559079066,0.023227708470416913,46,0.8261823237085933,0.8280386761039338,0.8233896367638297,0.8323942568442951,0.8201166666198952,0.8260243120081094,0.004159341661844907
0.5981199741363525,0.006791085144525135,0.1289301872253418,0.002323317612792038,3,20,4,50,"{'max_depth': 3, 'min_samples_leaf': 20, 'min_samples_split': 4, 'n_estimators': 50}",1.0,1.0,1.0,1.0,1.0,1.0,0.0,1,1.0,1.0,1.0,1.0,1.0,1.0,0.0,0.060057589469354175,0.060468942821883996,0.060082304526748974,0.060082304526748974,0.060082304526748974,0.06015468917429702,0.00015741811796846734,49,0.06017899393066557,0.060076123855570415,0.060172803949804565,0.060172803949804565,0.060172803949804565,0.06015470592712994,3.936410639282166e-05,0.11331005044625533,0.11404189294026378,0.11335403726708075,0.11335403726708075,0.11335403726708075,0.11348281103755227,0.00028005958213535157,49,0.11352610130021347,0.1133430373605046,0.11351508683419036,0.11351508683419036,0.11351508683419036,0.11348287983265784,7.005124569732788e-05,0.7598333383291866,0.8088625993304502,0.8014103471439196,0.7867805820118513,0.8168063119257252,0.7947386357482266,0.020063353753931625,56,0.823953047584834,0.820568859716852,0.8176283337495989,0.8276464904132629,0.8140085067851291,0.8207610476499354,0.0047549095963081035
0.8867939949035645,0.03616649733704124,0.16902799606323243,0.0023389513714405885,3,20,4,75,"{'max_depth': 3, 'min_samples_leaf': 20, 'min_samples_split': 4, 'n_estimators': 75}",1.0,1.0,1.0,1.0,1.0,1.0,0.0,1,1.0,1.0,1.0,1.0,1.0,1.0,0.0,0.060057589469354175,0.060468942821883996,0.060082304526748974,0.060082304526748974,0.060082304526748974,0.06015468917429702,0.00015741811796846734,49,0.06017899393066557,0.060076123855570415,0.060172803949804565,0.060172803949804565,0.060172803949804565,0.06015470592712994,3.936410639282166e-05,0.11331005044625533,0.11404189294026378,0.11335403726708075,0.11335403726708075,0.11335403726708075,0.11348281103755227,0.00028005958213535157,49,0.11352610130021347,0.1133430373605046,0.11351508683419036,0.11351508683419036,0.11351508683419036,0.11348287983265784,7.005124569732788e-05,0.7598842960342916,0.8189803066585652,0.8028272917016529,0.7873743492550921,0.8238880358899312,0.7985908559079066,0.023227708470416913,46,0.8261823237085933,0.8280386761039338,0.8233896367638297,0.8323942568442951,0.8201166666198952,0.8260243120081094,0.004159341661844907
0.6174440383911133,0.00778163544060104,0.13816618919372559,0.0011945160080892275,5,1,2,50,"{'max_depth': 5, 'min_samples_leaf': 1, 'min_samples_split': 2, 'n_estimators': 50}",1.0,1.0,1.0,1.0,1.0,1.0,0.0,1,1.0,1.0,1.0,1.0,1.0,1.0,0.0,0.06186440677966102,0.06135225375626043,0.06040546131568059,0.06178586542530681,0.06073211314475874,0.06122802008433352,0.0005751765079142499,27,0.06196377502383222,0.0609476101022751,0.060533940397350994,0.06173490924440692,0.06081713275808296,0.06119947350518964,0.0005519786554724134,0.11652035115722266,0.11561148250098309,0.11392898946547016,0.11638102829812674,0.11450980392156863,0.11539033106867427,0.0010215852088812873,27,0.11669658886894076,0.11489277985441668,0.1141574787784174,0.11629062717423716,0.1146609172873383,0.11533967839267008,0.0009801571807950453,0.7732591948682593,0.8149832612554654,0.7996515365976535,0.7798592951562986,0.7990127869875009,0.7933532149730355,0.015002759938396558,61,0.8644503944197464,0.8640914706274803,0.8562129745778646,0.8574141580817733,0.8507980606700098,0.858593411675375,0.005145046476345229
0.9060257911682129,0.007820380843004477,0.18256721496582032,0.0003467096257358133,5,1,2,75,"{'max_depth': 5, 'min_samples_leaf': 1, 'min_samples_split': 2, 'n_estimators': 75}",1.0,1.0,1.0,1.0,1.0,1.0,0.0,1,1.0,1.0,1.0,1.0,1.0,1.0,0.0,0.062313273580879215,0.06153202176642947,0.060430463576158944,0.061577393504850274,0.06058091286307054,0.06128681305827769,0.0006971104693033552,26,0.061976904333086134,0.061280167890870936,0.06051515464983966,0.06157894736842105,0.06069724009130525,0.061209682866704605,0.000543124337774849,0.11731619124146243,0.11593059936908517,0.11397345823575332,0.11601112435439015,0.11424100156494522,0.11549447495312726,0.0012377777453660382,26,0.11671987230646448,0.1154834882341309,0.11412407335154116,0.11601388200297472,0.11444781375330138,0.11535782592968254,0.0009645349660639695,0.7811156739905878,0.8208775629341052,0.8027313293189069,0.7785398123935418,0.8033370918599909,0.7973202940994264,0.015720828720930495,52,0.8727945799092909,0.8683543952707716,0.8616602543055428,0.8662934307675471,0.8609420324425249,0.8660089385391355,0.004386607433261732
0.6201079368591309,0.0046994062199132,0.13919906616210936,0.00274102470573937,5,1,4,50,"{'max_depth': 5, 'min_samples_leaf': 1, 'min_samples_split': 4, 'n_estimators': 50}",1.0,1.0,1.0,1.0,1.0,1.0,0.0,1,1.0,1.0,1.0,1.0,1.0,1.0,0.0,0.061681453316434307,0.061377870563674324,0.060656418778562524,0.061629379485014776,0.0606312292358804,0.06119527027591326,0.00046188112116559555,28,0.061819718905209764,0.0609476101022751,0.060785536159601,0.06166332876567935,0.06072244135353955,0.06118772705726094,0.0004607635266042599,0.11619578193394349,0.11565696302124312,0.11437524481002742,0.11610337972166998,0.11433046202036022,0.11533236630144886,0.0008203907626129034,28,0.11644108280254777,0.11489277985441668,0.11460476050543637,0.11616362192216044,0.11449261180154614,0.1153189713772215,0.0008181900910803689,0.7796379005425497,0.8156444714488248,0.8038049084758775,0.785862941726843,0.8026953434253773,0.7975291131238944,0.013041754427720265,51,0.8651588718248089,0.8644128719447198,0.8548805504808569,0.8575640136984123,0.8484445230204232,0.8580921661938442,0.006221898247510252
0.9150741100311279,0.006339314873513865,0.18344697952270508,0.0025067564041813045,5,1,4,75,"{'max_depth': 5, 'min_samples_leaf': 1, 'min_samples_split': 4, 'n_estimators': 75}",1.0,1.0,1.0,1.0,1.0,1.0,0.0,1,1.0,1.0,1.0,1.0,1.0,1.0,0.0,0.06247325631151048,0.06155778894472362,0.06055578598092078,0.061396131202691336,0.06070686070686071,0.06133796462934138,0.000685665936518135,25,0.062075551782682516,0.06129946467933242,0.06064061366227843,0.06152713504417333,0.06079817085844939,0.06126818720538322,0.0005166495413060012,0.1175996778091019,0.11597633136094675,0.11419632381697302,0.11568938193343899,0.11446491571932575,0.11558532612795727,0.0012170433272401784,25,0.1168947946847837,0.11551775294234003,0.11434714620797498,0.1159219260873873,0.11462721661604781,0.11546176730770677,0.0009173116166461742,0.7854500764365575,0.8199155318870105,0.8036489696039152,0.7822223688314182,0.8085790370174892,0.7999631967552782,0.014221680202664668,43,0.8741699971559866,0.8684752721510163,0.8615524929632403,0.8665568473820635,0.859501285746224,0.8660511790797061,0.005199738725370694
0.6144655704498291,0.005946225763239262,0.13870787620544434,0.002393034241419817,5,5,2,50,"{'max_depth': 5, 'min_samples_leaf': 5, 'min_samples_split': 2, 'n_estimators': 50}",1.0,1.0,0.9931506849315068,1.0,1.0,0.9986301369863014,0.0027397260273972716,39,1.0,1.0,1.0,1.0,1.0,1.0,0.0,0.0606312292358804,0.061122661122661126,0.06014102032351721,0.060960334029227556,0.060355518809425385,0.060642152704142326,0.0003648396005290269,35,0.06060292137159432,0.060807996668054975,0.06075397237511684,0.06088676103247294,0.06048387096774194,0.060707104482996196,0.00014514794598739935,0.11433046202036022,0.1152037617554859,0.1134141572154869,0.11491538764266036,0.1138401559454191,0.11434078491588248,0.0006609496414541851,35,0.11428013283844501,0.11464468001570476,0.11454865870373997,0.11478465613656431,0.11406844106463879,0.11446531375181856,0.00025803026831499205,0.7783609604028657,0.8286840130097574,0.8116198450207519,0.7865916560708202,0.8269318427176546,0.8064376634443701,0.020610345563882918,15,0.8545545376981455,0.8601075935418387,0.8562557236520245,0.8618346181441289,0.8498239056190244,0.8565152757310324,0.0042399633454265504
0.9165932655334472,0.016745503257541147,0.18320088386535643,0.004944866384613534,5,5,2,75,"{'max_depth': 5, 'min_samples_leaf': 5, 'min_samples_split': 2, 'n_estimators': 75}",1.0,1.0,1.0,1.0,1.0,1.0,0.0,1,1.0,1.0,1.0,1.0,1.0,1.0,0.0,0.06073211314475874,0.06127553147144644,0.06025588113908378,0.06119027661357921,0.060355518809425385,0.0607618642356587,0.0004169920434558281,33,0.06077922077922078,0.06097306326999374,0.06050263729444617,0.061102987257154795,0.06048387096774194,0.06076835591371148,0.0002472000615456403,0.11450980392156863,0.11547525530243519,0.11366290385363954,0.11532385466034756,0.1138401559454191,0.11456239473668199,0.0007411631590913924,33,0.11459353574926542,0.11493800432985633,0.11410181392627268,0.11516881582832957,0.11406844106463879,0.11457412217967256,0.0004393713959718202,0.782179790773658,0.8325440508953144,0.8146096730081808,0.7927122567953362,0.8343089508912506,0.8112709444727478,0.02090531997693367,1,0.8648309683117039,0.86677081443656,0.8615191917150984,0.8659342262932063,0.857212479736284,0.8632535360985705,0.003508502575924407
0.6181483268737793,0.0037342124586109554,0.13980045318603515,0.002320368998063563,5,5,4,50,"{'max_depth': 5, 'min_samples_leaf': 5, 'min_samples_split': 4, 'n_estimators': 50}",1.0,1.0,0.9931506849315068,1.0,1.0,0.9986301369863014,0.0027397260273972716,39,1.0,1.0,1.0,1.0,1.0,1.0,0.0,0.0606312292358804,0.061122661122661126,0.06014102032351721,0.060960334029227556,0.060355518809425385,0.060642152704142326,0.0003648396005290269,35,0.06060292137159432,0.060807996668054975,0.06075397237511684,0.06088676103247294,0.06048387096774194,0.060707104482996196,0.00014514794598739935,0.11433046202036022,0.1152037617554859,0.1134141572154869,0.11491538764266036,0.1138401559454191,0.11434078491588248,0.0006609496414541851,35,0.11428013283844501,0.11464468001570476,0.11454865870373997,0.11478465613656431,0.11406844106463879,0.11446531375181856,0.00025803026831499205,0.7783609604028657,0.8286840130097574,0.8116198450207519,0.7865916560708202,0.8269318427176546,0.8064376634443701,0.020610345563882918,15,0.8545545376981455,0.8601075935418387,0.8562557236520245,0.8618346181441289,0.8498239056190244,0.8565152757310324,0.0042399633454265504
0.9079571723937988,0.012142014495403334,0.18693108558654786,0.003943245963541039,5,5,4,75,"{'max_depth': 5, 'min_samples_leaf': 5, 'min_samples_split': 4, 'n_estimators': 75}",1.0,1.0,1.0,1.0,1.0,1.0,0.0,1,1.0,1.0,1.0,1.0,1.0,1.0,0.0,0.06073211314475874,0.06127553147144644,0.06025588113908378,0.06119027661357921,0.060355518809425385,0.0607618642356587,0.0004169920434558281,33,0.06077922077922078,0.06097306326999374,0.06050263729444617,0.061102987257154795,0.06048387096774194,0.06076835591371148,0.0002472000615456403,0.11450980392156863,0.11547525530243519,0.11366290385363954,0.11532385466034756,0.1138401559454191,0.11456239473668199,0.0007411631590913924,33,0.11459353574926542,0.11493800432985633,0.11410181392627268,0.11516881582832957,0.11406844106463879,0.11457412217967256,0.0004393713959718202,0.782179790773658,0.8325440508953144,0.8146096730081808,0.7927122567953362,0.8343089508912506,0.8112709444727478,0.02090531997693367,1,0.8648309683117039,0.86677081443656,0.8615191917150984,0.8659342262932063,0.857212479736284,0.8632535360985705,0.003508502575924407
0.6160287380218505,0.005441708234081516,0.14717555046081543,0.011939783413275087,5,10,2,50,"{'max_depth': 5, 'min_samples_leaf': 10, 'min_samples_split': 2, 'n_estimators': 50}",1.0,1.0,1.0,1.0,1.0,1.0,0.0,1,1.0,1.0,1.0,1.0,1.0,1.0,0.0,0.060455486542443065,0.06081919735208937,0.06010703993412927,0.060807996668054975,0.06013179571663921,0.06046430324267118,0.0003105965422386106,39,0.060533940397350994,0.06031188681193845,0.06023476112026359,0.06075397237511684,0.06018518518518518,0.06040394917797102,0.00021183565247899242,0.11401796173369777,0.11466458658346333,0.11339805825242719,0.11464468001570476,0.11344211344211344,0.1140334800054813,0.0005523725189674748,39,0.1141574787784174,0.11376254017726697,0.11362532776536856,0.11454865870373997,0.11353711790393013,0.1139262246657446,0.0003767328562249747,0.7816432361140252,0.8225425021146813,0.8081232156994458,0.7805220353621382,0.8381714367967757,0.8062004852174132,0.022606819432033347,19,0.8543653733890161,0.8491846339060962,0.8431069690345165,0.8531036108468526,0.8470108855793436,0.8493542945511651,0.0040918873459305505
0.9083348274230957,0.007896976132842718,0.18606834411621093,0.004128927452646758,5,10,2,75,"{'max_depth': 5, 'min_samples_leaf': 10, 'min_samples_split': 2, 'n_estimators': 75}",1.0,1.0,1.0,1.0,1.0,1.0,0.0,1,1.0,1.0,1.0,1.0,1.0,1.0,0.0,0.06058091286307054,0.06097055163832435,0.06010703993412927,0.06078268109908409,0.06013179571663921,0.060514596250249485,0.00034548548292714926,37,0.06074766355140187,0.060430463576158944,0.06017899393066557,0.06057781919850885,0.06020996294771511,0.06042898064089006,0.0002164144255801226,0.11424100156494522,0.11493354182955434,0.11339805825242719,0.11459968602825746,0.11344211344211344,0.11412288022345951,0.0006143743104452084,37,0.1145374449339207,0.11397345823575332,0.11352610130021347,0.11423550087873462,0.11358120570818367,0.11397074221136116,0.0003848897846574434,0.7816762087467403,0.8282878825786006,0.8103963246407407,0.7826482019048532,0.8368309622627931,0.8079679160267457,0.022734183257821654,11,0.8570307003757093,0.8564286260440388,0.8462354155032278,0.8572940490856655,0.8497150217627398,0.8533407625542763,0.00452572578621305
0.609928560256958,0.004027802258945961,0.13942451477050782,0.0035515405766017145,5,10,4,50,"{'max_depth': 5, 'min_samples_leaf': 10, 'min_samples_split': 4, 'n_estimators': 50}",1.0,1.0,1.0,1.0,1.0,1.0,0.0,1,1.0,1.0,1.0,1.0,1.0,1.0,0.0,0.060455486542443065,0.06081919735208937,0.06010703993412927,0.060807996668054975,0.06013179571663921,0.06046430324267118,0.0003105965422386106,39,0.060533940397350994,0.06031188681193845,0.06023476112026359,0.06075397237511684,0.06018518518518518,0.06040394917797102,0.00021183565247899242,0.11401796173369777,0.11466458658346333,0.11339805825242719,0.11464468001570476,0.11344211344211344,0.1140334800054813,0.0005523725189674748,39,0.1141574787784174,0.11376254017726697,0.11362532776536856,0.11454865870373997,0.11353711790393013,0.1139262246657446,0.0003767328562249747,0.7816432361140252,0.8225425021146813,0.8081232156994458,0.7805220353621382,0.8381714367967757,0.8062004852174132,0.022606819432033347,19,0.8543653733890161,0.8491846339060962,0.8431069690345165,0.8531036108468526,0.8470108855793436,0.8493542945511651,0.0040918873459305505
0.9099893569946289,0.010992863936033236,0.18538460731506348,0.0038436558650754493,5,10,4,75,"{'max_depth': 5, 'min_samples_leaf': 10, 'min_samples_split': 4, 'n_estimators': 75}",1.0,1.0,1.0,1.0,1.0,1.0,0.0,1,1.0,1.0,1.0,1.0,1.0,1.0,0.0,0.06058091286307054,0.06097055163832435,0.06010703993412927,0.06078268109908409,0.06013179571663921,0.060514596250249485,0.00034548548292714926,37,0.06074766355140187,0.060430463576158944,0.06017899393066557,0.06057781919850885,0.06020996294771511,0.06042898064089006,0.0002164144255801226,0.11424100156494522,0.11493354182955434,0.11339805825242719,0.11459968602825746,0.11344211344211344,0.11412288022345951,0.0006143743104452084,37,0.1145374449339207,0.11397345823575332,0.11352610130021347,0.11423550087873462,0.11358120570818367,0.11397074221136116,0.0003848897846574434,0.7816762087467403,0.8282878825786006,0.8103963246407407,0.7826482019048532,0.8368309622627931,0.8079679160267457,0.022734183257821654,11,0.8570307003757093,0.8564286260440388,0.8462354155032278,0.8572940490856655,0.8497150217627398,0.8533407625542763,0.00452572578621305
0.6142713546752929,0.005891928372305933,0.13760881423950194,0.0018090773918248255,5,20,2,50,"{'max_depth': 5, 'min_samples_leaf': 20, 'min_samples_split': 2, 'n_estimators': 50}",1.0,1.0,1.0,1.0,1.0,1.0,0.0,1,1.0,1.0,1.0,1.0,1.0,1.0,0.0,0.060181368507831824,0.060468942821883996,0.060082304526748974,0.060082304526748974,0.060082304526748974,0.06017944498199255,0.00014974745633115468,45,0.06023476112026359,0.060076123855570415,0.060172803949804565,0.06018518518518518,0.060172803949804565,0.060168335612125666,5.145715960660741e-05,0.11353032659409021,0.11404189294026378,0.11335403726708075,0.11335403726708075,0.11335403726708075,0.11352686626711925,0.00026641097487753245,45,0.11362532776536856,0.1133430373605046,0.11351508683419036,0.11353711790393013,0.11351508683419036,0.11350713133963679,9.156746460233731e-05,0.7745481250562033,0.8139676185710711,0.8060270374013386,0.7820754264328382,0.8327015809802557,0.8018639576883414,0.02122512441137584,37,0.8403423293966202,0.8365396003904043,0.8324879867618185,0.8430181033442499,0.8293127688771774,0.8363401577540541,0.004997509946116001
0.921176528930664,0.015990412731902794,0.20756702423095702,0.048620725986605336,5,20,2,75,"{'max_depth': 5, 'min_samples_leaf': 20, 'min_samples_split': 2, 'n_estimators': 75}",1.0,1.0,1.0,1.0,1.0,1.0,0.0,1,1.0,1.0,1.0,1.0,1.0,1.0,0.0,0.060082304526748974,0.060468942821883996,0.060082304526748974,0.06010703993412927,0.060082304526748974,0.060164579267252036,0.00015248301349262065,47,0.06018518518518518,0.060076123855570415,0.060172803949804565,0.060172803949804565,0.060172803949804565,0.06015594417803386,4.019720410643698e-05,0.11335403726708075,0.11404189294026378,0.11335403726708075,0.11339805825242719,0.11335403726708075,0.11350041259878663,0.0002712764588462822,47,0.11353711790393013,0.1133430373605046,0.11351508683419036,0.11351508683419036,0.11351508683419036,0.11348508315340115,7.153360766090737e-05,0.7784179131321003,0.8227748192096452,0.8058591032315332,0.7810708202384665,0.8309412710217595,0.803812785366701,0.021268744165592556,31,0.8422135779184816,0.8399410195786812,0.834081582445378,0.8443306963609033,0.8333018093989967,0.8387737371404882,0.004382537108496988
0.6114758491516114,0.00391970667848597,0.13751754760742188,0.0020419373737193968,5,20,4,50,"{'max_depth': 5, 'min_samples_leaf': 20, 'min_samples_split': 4, 'n_estimators': 50}",1.0,1.0,1.0,1.0,1.0,1.0,0.0,1,1.0,1.0,1.0,1.0,1.0,1.0,0.0,0.060181368507831824,0.060468942821883996,0.060082304526748974,0.060082304526748974,0.060082304526748974,0.06017944498199255,0.00014974745633115468,45,0.06023476112026359,0.060076123855570415,0.060172803949804565,0.06018518518518518,0.060172803949804565,0.060168335612125666,5.145715960660741e-05,0.11353032659409021,0.11404189294026378,0.11335403726708075,0.11335403726708075,0.11335403726708075,0.11352686626711925,0.00026641097487753245,45,0.11362532776536856,0.1133430373605046,0.11351508683419036,0.11353711790393013,0.11351508683419036,0.11350713133963679,9.156746460233731e-05,0.7745481250562033,0.8139676185710711,0.8060270374013386,0.7820754264328382,0.8327015809802557,0.8018639576883414,0.02122512441137584,37,0.8403423293966202,0.8365396003904043,0.8324879867618185,0.8430181033442499,0.8293127688771774,0.8363401577540541,0.004997509946116001
0.9003294944763184,0.006463699499651588,0.18246335983276368,0.001909501930928797,5,20,4,75,"{'max_depth': 5, 'min_samples_leaf': 20, 'min_samples_split': 4, 'n_estimators': 75}",1.0,1.0,1.0,1.0,1.0,1.0,0.0,1,1.0,1.0,1.0,1.0,1.0,1.0,0.0,0.060082304526748974,0.060468942821883996,0.060082304526748974,0.06010703993412927,0.060082304526748974,0.060164579267252036,0.00015248301349262065,47,0.06018518518518518,0.060076123855570415,0.060172803949804565,0.060172803949804565,0.060172803949804565,0.06015594417803386,4.019720410643698e-05,0.11335403726708075,0.11404189294026378,0.11335403726708075,0.11339805825242719,0.11335403726708075,0.11350041259878663,0.0002712764588462822,47,0.11353711790393013,0.1133430373605046,0.11351508683419036,0.11351508683419036,0.11351508683419036,0.11348508315340115,7.153360766090737e-05,0.7784179131321003,0.8227748192096452,0.8058591032315332,0.7810708202384665,0.8309412710217595,0.803812785366701,0.021268744165592556,31,0.8422135779184816,0.8399410195786812,0.834081582445378,0.8443306963609033,0.8333018093989967,0.8387737371404882,0.004382537108496988
0.6537405014038086,0.006394884694209339,0.15671987533569337,0.004493516733415918,8,1,2,50,"{'max_depth': 8, 'min_samples_leaf': 1, 'min_samples_split': 2, 'n_estimators': 50}",0.9657534246575342,0.9863945578231292,0.9931506849315068,0.9657534246575342,0.9931506849315068,0.9808405554002423,0.01256318868091688,58,1.0,1.0,1.0,1.0,1.0,1.0,0.0,0.08052541404911479,0.08459743290548424,0.08114157806379407,0.08703703703703704,0.07213930348258707,0.08108815310760345,0.00506173297973601,10,0.081374321880651,0.08483439860546194,0.083810888252149,0.0910222498833048,0.0731067233191702,0.08282971638814737,0.005809540799068904,0.14865577227200844,0.15583019881783988,0.15002586652871186,0.159682899207248,0.1345083487940631,0.14974061712397427,0.008593162773738248,10,0.1505016722408027,0.15640064274236742,0.15465961665565103,0.16685681688533943,0.1362524746710143,0.152934244639035,0.009930052367421569,0.7654956386199454,0.813562552867031,0.7959030060216394,0.772734088237411,0.8164839382961879,0.7928358448084429,0.02073549479578142,62,0.9012208675737572,0.9032087283227462,0.898830995230251,0.9007922142430187,0.8953059271544551,0.8998717465048456,0.0026733015439552835
0.9666681289672852,0.012104975429626859,0.20525283813476564,0.005324676738233862,8,1,2,75,"{'max_depth': 8, 'min_samples_leaf': 1, 'min_samples_split': 2, 'n_estimators': 75}",0.9863013698630136,0.9931972789115646,0.9931506849315068,0.9726027397260274,1.0,0.9890504146864224,0.009295002706483936,51,1.0,1.0,1.0,1.0,1.0,1.0,0.0,0.07964601769911504,0.08473592571096925,0.0789330430048993,0.08942065491183879,0.07647983237297014,0.08184309473995849,0.0046443087973686995,9,0.07966771074492714,0.08556776556776557,0.08308478909245846,0.09331631839208805,0.0772787318361955,0.08378306312668694,0.005546136603941339,0.1473899692937564,0.15614973262032086,0.14624306606152296,0.1637831603229527,0.14209245742092458,0.1511316771438955,0.0078082942637311605,9,0.1475782038345106,0.15764610608719126,0.15342250196695514,0.17070323898453457,0.14347026364193746,0.1545640629030258,0.009414348252749612,0.7710530259884296,0.8157099967833017,0.7950963222416813,0.773861646234676,0.8203464242017129,0.7952134830899602,0.020451963982083016,55,0.9081814031463769,0.9073206037172359,0.905731837022195,0.9046398180030663,0.8977322411272285,0.9047211806032205,0.0037041452952831758
0.6591360569000244,0.007264009345058713,0.1507080078125,0.0030521049577739877,8,1,4,50,"{'max_depth': 8, 'min_samples_leaf': 1, 'min_samples_split': 4, 'n_estimators': 50}",0.9794520547945206,0.9795918367346939,0.9931506849315068,0.9726027397260274,0.9931506849315068,0.9835896002236512,0.008205378483258256,55,1.0,1.0,1.0,1.0,1.0,1.0,0.0,0.08261120739456962,0.0830929024812464,0.07953922106417992,0.08265424912689173,0.07156959526159921,0.07989343506569738,0.004351017101745108,12,0.08180674031603971,0.08524303021456722,0.08213984835720303,0.08452535760728218,0.07326236693800876,0.08139546868662018,0.004277160830911773,0.1523708044752264,0.15319148936170213,0.14728288471305231,0.15236051502145923,0.13351749539594843,0.14774463779347768,0.007416208323183034,12,0.15124095139607033,0.15709482178883657,0.1518100428182172,0.15587529976019185,0.13652275379229872,0.15050877391112294,0.0073486566083666065,0.7708102275111658,0.8107181576658684,0.8000353861286376,0.7762727011011683,0.8093197466593096,0.7934312438132298,0.01673931047265973,60,0.9000566931608963,0.9039995817097726,0.8902037269335069,0.902206207689408,0.8876097842060413,0.8968151987399249,0.00662777245263788
0.9594932079315186,0.006380816693810628,0.20243186950683595,0.0006459773787692895,8,1,4,75,"{'max_depth': 8, 'min_samples_leaf': 1, 'min_samples_split': 4, 'n_estimators': 75}",0.9863013698630136,0.9795918367346939,0.9931506849315068,0.9794520547945206,0.9931506849315068,0.9863293262510483,0.006095133759390726,54,1.0,1.0,1.0,1.0,1.0,1.0,0.0,0.08144796380090498,0.08261617900172118,0.08015478164731896,0.08313953488372093,0.07217521154803384,0.07990673417633998,0.004000136250952795,11,0.080545229244114,0.08458864426419467,0.08401551055579491,0.08600411643634225,0.0737891019172553,0.08178852048354023,0.004384242185619911,0.15047021943573669,0.1523809523809524,0.1483375959079284,0.1532690246516613,0.1345707656612529,0.14780571160750636,0.006831206549789339,11,0.14908256880733944,0.15598290598290598,0.15500794912559618,0.1583863544063896,0.1374368612709973,0.1511793279186457,0.00752230977417668,0.7773268187404454,0.8183935570725663,0.7962418731857113,0.7863187630448863,0.8181302929251734,0.7992822609937567,0.016612210130694777,45,0.9093255572020895,0.9099474738418682,0.8980334490458163,0.9077723803563795,0.8922917900262762,0.9034741300944861,0.007060652568363372
0.6502150535583496,0.004316510590432788,0.15322403907775878,0.003014607251198341,8,5,2,50,"{'max_depth': 8, 'min_samples_leaf': 5, 'min_samples_split': 2, 'n_estimators': 50}",0.9863013698630136,0.9931972789115646,0.9931506849315068,0.9726027397260274,1.0,0.9890504146864224,0.009295002706483936,51,1.0,1.0,1.0,1.0,1.0,1.0,0.0,0.08053691275167785,0.06718821905200184,0.06505159264244055,0.07256004087889627,0.06603346901854365,0.07027404686871204,0.005750322542424274,13,0.0797872340425532,0.06778087279480037,0.06677319940646045,0.0748273215656178,0.06601218686526743,0.07103616293493985,0.005384500659926508,0.14891416752843847,0.12586206896551724,0.12210526315789473,0.1350451735615787,0.12388629613915995,0.13116259387051782,0.009932452919311937,13,0.1477832512315271,0.12695652173913044,0.12518724588059063,0.13923598714744734,0.1238488409018736,0.13260236938011383,0.00935893125722583,0.7829321663019694,0.8291456687753911,0.8081622004174364,0.7874223304464649,0.8357034042655279,0.8086731540413579,0.021280109556028406,7,0.8857881659107579,0.8971292771675005,0.8815111657401249,0.889853315485361,0.881415190794637,0.8871394230196763,0.005889523046147342
0.9618617534637451,0.012742411452913641,0.20451664924621582,0.0029371477363230388,8,5,2,75,"{'max_depth': 8, 'min_samples_leaf': 5, 'min_samples_split': 2, 'n_estimators': 75}",0.9794520547945206,0.9863945578231292,0.9931506849315068,0.9863013698630136,1.0,0.9890597334824343,0.006977743706329789,49,1.0,1.0,1.0,1.0,1.0,1.0,0.0,0.07874449339207049,0.06817113305124589,0.06522717049032839,0.0729483282674772,0.06457319770013269,0.06993286458025093,0.005304924268645643,15,0.07865017477816617,0.06907972557369292,0.06665147544719152,0.07441801297544842,0.06429984612002639,0.07061984697890508,0.005234015416744936,0.145769622833843,0.12752858399296393,0.12241452089489235,0.13584905660377358,0.12131283755712505,0.13057492437651957,0.009169012585060442,15,0.14583073663218246,0.12923213100243416,0.1249732963042085,0.13852711342647406,0.12083032118145202,0.13187871970935022,0.009117196163865365,0.7860705614340098,0.8301106782467803,0.8080242544922391,0.7863907348319459,0.8374667130484851,0.809612588410692,0.02141040993865425,3,0.8897602421901897,0.9002776982343355,0.8862786697086797,0.8935340388333712,0.8862567806860244,0.8912214859305202,0.005264557832459013
0.648134708404541,0.006244753341399666,0.15290307998657227,0.003723653285646569,8,5,4,50,"{'max_depth': 8, 'min_samples_leaf': 5, 'min_samples_split': 4, 'n_estimators': 50}",0.9863013698630136,0.9931972789115646,0.9931506849315068,0.9726027397260274,1.0,0.9890504146864224,0.009295002706483936,51,1.0,1.0,1.0,1.0,1.0,1.0,0.0,0.08053691275167785,0.06718821905200184,0.06505159264244055,0.07256004087889627,0.06603346901854365,0.07027404686871204,0.005750322542424274,13,0.0797872340425532,0.06778087279480037,0.06677319940646045,0.0748273215656178,0.06601218686526743,0.07103616293493985,0.005384500659926508,0.14891416752843847,0.12586206896551724,0.12210526315789473,0.1350451735615787,0.12388629613915995,0.13116259387051782,0.009932452919311937,13,0.1477832512315271,0.12695652173913044,0.12518724588059063,0.13923598714744734,0.1238488409018736,0.13260236938011383,0.00935893125722583,0.7829321663019694,0.8291456687753911,0.8081622004174364,0.7874223304464649,0.8357034042655279,0.8086731540413579,0.021280109556028406,7,0.8857881659107579,0.8971292771675005,0.8815111657401249,0.889853315485361,0.881415190794637,0.8871394230196763,0.005889523046147342
0.9690439701080322,0.012455504604354864,0.2077930450439453,0.005025800562051867,8,5,4,75,"{'max_depth': 8, 'min_samples_leaf': 5, 'min_samples_split': 4, 'n_estimators': 75}",0.9794520547945206,0.9863945578231292,0.9931506849315068,0.9863013698630136,1.0,0.9890597334824343,0.006977743706329789,49,1.0,1.0,1.0,1.0,1.0,1.0,0.0,0.07874449339207049,0.06817113305124589,0.06522717049032839,0.0729483282674772,0.06457319770013269,0.06993286458025093,0.005304924268645643,15,0.07865017477816617,0.06907972557369292,0.06665147544719152,0.07441801297544842,0.06429984612002639,0.07061984697890508,0.005234015416744936,0.145769622833843,0.12752858399296393,0.12241452089489235,0.13584905660377358,0.12131283755712505,0.13057492437651957,0.009169012585060442,15,0.14583073663218246,0.12923213100243416,0.1249732963042085,0.13852711342647406,0.12083032118145202,0.13187871970935022,0.009117196163865365,0.7860705614340098,0.8301106782467803,0.8080242544922391,0.7863907348319459,0.8374667130484851,0.809612588410692,0.02141040993865425,3,0.8897602421901897,0.9002776982343355,0.8862786697086797,0.8935340388333712,0.8862567806860244,0.8912214859305202,0.005264557832459013
0.6443750381469726,0.004637100368111621,0.15208220481872559,0.001542029389873945,8,10,2,50,"{'max_depth': 8, 'min_samples_leaf': 10, 'min_samples_split': 2, 'n_estimators': 50}",0.9863013698630136,1.0,1.0,1.0,1.0,0.9972602739726029,0.005479452054794543,41,1.0,1.0,1.0,1.0,1.0,1.0,0.0,0.06507004066877542,0.0624734381640459,0.06266094420600858,0.06445916114790287,0.06215410813111963,0.06336353846357048,0.001171424586204158,21,0.06579687324260489,0.06242650988776056,0.06349723217193097,0.0641025641025641,0.06222742261461547,0.06361012040389519,0.0012922785734711506,0.12208562950402713,0.1176,0.11793214862681745,0.12111157196184157,0.11703406813627254,0.11915268364579172,0.0020410036137020267,21,0.12346981848881385,0.11751685280209277,0.11941212492345377,0.12048192771084337,0.1171640296414981,0.11960895071334036,0.002283052427221429,0.7830700518569587,0.8188701049596722,0.8109601036393734,0.7763116858191589,0.8489432142600101,0.8076310321070347,0.02618487759314312,13,0.8697084512102026,0.8690011334315841,0.8595387028789678,0.8715849616801791,0.8663145714475473,0.8672295641296962,0.00420093763720402
0.9481413841247559,0.005303611180670324,0.2016923427581787,0.001000844585390695,8,10,2,75,"{'max_depth': 8, 'min_samples_leaf': 10, 'min_samples_split': 2, 'n_estimators': 75}",0.9863013698630136,1.0,1.0,1.0,1.0,0.9972602739726029,0.005479452054794543,41,1.0,1.0,1.0,1.0,1.0,1.0,0.0,0.06299212598425197,0.06290115532734275,0.06290392072382593,0.06468763845813026,0.062313273580879215,0.06315962281488603,0.0008014216145905852,23,0.06369773519163763,0.06304652920220231,0.06358695652173912,0.06414473684210527,0.06228042159054615,0.06335127586964609,0.0006394934190070199,0.11842105263157894,0.11835748792270531,0.11836238346169436,0.12151477320016646,0.11731619124146243,0.1187943776915215,0.0014214394246449763,23,0.11976660866004708,0.11861480654006297,0.1195707715891671,0.1205564142194745,0.11725796752856284,0.11915331370746289,0.0011314963487242507,0.7852852132729835,0.8166869199518687,0.8105012834968692,0.7809118825420435,0.8481785140225032,0.8083127626572537,0.024270436862608817,9,0.8743393282141092,0.8718305894593862,0.8643744931147798,0.8751861736211085,0.8687021586879309,0.8708865486194629,0.0039617698434027526
0.636092233657837,0.0020200947662296397,0.15204339027404784,0.002993366365574823,8,10,4,50,"{'max_depth': 8, 'min_samples_leaf': 10, 'min_samples_split': 4, 'n_estimators': 50}",0.9863013698630136,1.0,1.0,1.0,1.0,0.9972602739726029,0.005479452054794543,41,1.0,1.0,1.0,1.0,1.0,1.0,0.0,0.06507004066877542,0.0624734381640459,0.06266094420600858,0.06445916114790287,0.06215410813111963,0.06336353846357048,0.001171424586204158,21,0.06579687324260489,0.06242650988776056,0.06349723217193097,0.0641025641025641,0.06222742261461547,0.06361012040389519,0.0012922785734711506,0.12208562950402713,0.1176,0.11793214862681745,0.12111157196184157,0.11703406813627254,0.11915268364579172,0.0020410036137020267,21,0.12346981848881385,0.11751685280209277,0.11941212492345377,0.12048192771084337,0.1171640296414981,0.11960895071334036,0.002283052427221429,0.7830700518569587,0.8188701049596722,0.8109601036393734,0.7763116858191589,0.8489432142600101,0.8076310321070347,0.02618487759314312,13,0.8697084512102026,0.8690011334315841,0.8595387028789678,0.8715849616801791,0.8663145714475473,0.8672295641296962,0.00420093763720402
0.9510877132415771,0.008096576526649782,0.20369811058044435,0.0030926535126069503,8,10,4,75,"{'max_depth': 8, 'min_samples_leaf': 10, 'min_samples_split': 4, 'n_estimators': 75}",0.9863013698630136,1.0,1.0,1.0,1.0,0.9972602739726029,0.005479452054794543,41,1.0,1.0,1.0,1.0,1.0,1.0,0.0,0.06299212598425197,0.06290115532734275,0.06290392072382593,0.06468763845813026,0.062313273580879215,0.06315962281488603,0.0008014216145905852,23,0.06369773519163763,0.06304652920220231,0.06358695652173912,0.06414473684210527,0.06228042159054615,0.06335127586964609,0.0006394934190070199,0.11842105263157894,0.11835748792270531,0.11836238346169436,0.12151477320016646,0.11731619124146243,0.1187943776915215,0.0014214394246449763,23,0.11976660866004708,0.11861480654006297,0.1195707715891671,0.1205564142194745,0.11725796752856284,0.11915331370746289,0.0011314963487242507,0.7852852132729835,0.8166869199518687,0.8105012834968692,0.7809118825420435,0.8481785140225032,0.8083127626572537,0.024270436862608817,9,0.8743393282141092,0.8718305894593862,0.8643744931147798,0.8751861736211085,0.8687021586879309,0.8708865486194629,0.0039617698434027526
0.6331860542297363,0.006072794989699747,0.14686894416809082,0.0037980995149228783,8,20,2,50,"{'max_depth': 8, 'min_samples_leaf': 20, 'min_samples_split': 2, 'n_estimators': 50}",1.0,1.0,1.0,1.0,1.0,1.0,0.0,1,1.0,1.0,1.0,1.0,1.0,1.0,0.0,0.060505594695399914,0.06054365733113674,0.06020618556701031,0.06073211314475874,0.060082304526748974,0.060413971053010926,0.000236476343829824,43,0.06072244135353955,0.060137987848831224,0.06034038164002063,0.06075397237511684,0.060197571516773,0.06043047094685625,0.00025992479021247355,0.11410707307542009,0.1141747572815534,0.11357448463632827,0.11450980392156863,0.11335403726708075,0.11394403123639021,0.0004206122808296881,43,0.11449261180154614,0.11345313258863526,0.11381322957198443,0.11454865870373997,0.11355915752693391,0.11397335803856794,0.00046226248693146955,0.7769281496358021,0.8163652501280723,0.8018856608209582,0.7825432430487249,0.8327165751025598,0.8020877757472235,0.020770199900616543,35,0.8518169877408055,0.8464874865255074,0.8429522491906206,0.8537265125642053,0.8400402608348325,0.8470046993711943,0.005167865278324657
0.9334750175476074,0.0028396876106206587,0.19682579040527343,0.003231277780696297,8,20,2,75,"{'max_depth': 8, 'min_samples_leaf': 20, 'min_samples_split': 2, 'n_estimators': 75}",1.0,1.0,1.0,1.0,1.0,1.0,0.0,1,1.0,1.0,1.0,1.0,1.0,1.0,0.0,0.060505594695399914,0.060593569661995056,0.060156571899464356,0.060833333333333336,0.06010703993412927,0.06043922190486438,0.00027341846416754,41,0.06067205973864343,0.060168967648876984,0.060253373158924706,0.06096290120883702,0.060197571516773,0.06045097465441103,0.0003142403105745735,0.11410707307542009,0.114263505635445,0.11348620287602021,0.11468970934799685,0.11339805825242719,0.11398890983746186,0.0004862726070139555,41,0.11440305074801994,0.11350826044703596,0.11365844181076355,0.11491994892446715,0.11355915752693391,0.11400977189144412,0.0005587647716953002,0.7827912832349151,0.8229862873345486,0.8062519492358996,0.7822913417940168,0.8335112635846749,0.8055664250368111,0.020713628998421878,23,0.8544482614097324,0.8502086203768812,0.846602851746772,0.8566171731543297,0.8463450477021672,0.8508443908779764,0.004121937538710169
0.6301017761230469,0.005633556006923471,0.14951128959655763,0.0036164995241407968,8,20,4,50,"{'max_depth': 8, 'min_samples_leaf': 20, 'min_samples_split': 4, 'n_estimators': 50}",1.0,1.0,1.0,1.0,1.0,1.0,0.0,1,1.0,1.0,1.0,1.0,1.0,1.0,0.0,0.060505594695399914,0.06054365733113674,0.06020618556701031,0.06073211314475874,0.060082304526748974,0.060413971053010926,0.000236476343829824,43,0.06072244135353955,0.060137987848831224,0.06034038164002063,0.06075397237511684,0.060197571516773,0.06043047094685625,0.00025992479021247355,0.11410707307542009,0.1141747572815534,0.11357448463632827,0.11450980392156863,0.11335403726708075,0.11394403123639021,0.0004206122808296881,43,0.11449261180154614,0.11345313258863526,0.11381322957198443,0.11454865870373997,0.11355915752693391,0.11397335803856794,0.00046226248693146955,0.7769281496358021,0.8163652501280723,0.8018856608209582,0.7825432430487249,0.8327165751025598,0.8020877757472235,0.020770199900616543,35,0.8518169877408055,0.8464874865255074,0.8429522491906206,0.8537265125642053,0.8400402608348325,0.8470046993711943,0.005167865278324657
0.9499502182006836,0.023506841406333082,0.19890861511230468,0.005020374795695668,8,20,4,75,"{'max_depth': 8, 'min_samples_leaf': 20, 'min_samples_split': 4, 'n_estimators': 75}",1.0,1.0,1.0,1.0,1.0,1.0,0.0,1,1.0,1.0,1.0,1.0,1.0,1.0,0.0,0.060505594695399914,0.060593569661995056,0.060156571899464356,0.060833333333333336,0.06010703993412927,0.06043922190486438,0.00027341846416754,41,0.06067205973864343,0.060168967648876984,0.060253373158924706,0.06096290120883702,0.060197571516773,0.06045097465441103,0.0003142403105745735,0.11410707307542009,0.114263505635445,0.11348620287602021,0.11468970934799685,0.11339805825242719,0.11398890983746186,0.0004862726070139555,41,0.11440305074801994,0.11350826044703596,0.11365844181076355,0.11491994892446715,0.11355915752693391,0.11400977189144412,0.0005587647716953002,0.7827912832349151,0.8229862873345486,0.8062519492358996,0.7822913417940168,0.8335112635846749,0.8055664250368111,0.020713628998421878,23,0.8544482614097324,0.8502086203768812,0.846602851746772,0.8566171731543297,0.8463450477021672,0.8508443908779764,0.004121937538710169
0.6903148651123047,0.007619148521869816,0.16212425231933594,0.004986773073879652,10,1,2,50,"{'max_depth': 10, 'min_samples_leaf': 1, 'min_samples_split': 2, 'n_estimators': 50}",0.9383561643835616,0.9727891156462585,0.9726027397260274,0.9315068493150684,0.9794520547945206,0.9589413847730872,0.019877046503425796,63,0.9982905982905983,1.0,1.0,1.0,1.0,0.9996581196581197,0.0006837606837606814,0.11659574468085106,0.1156957928802589,0.10433504775900074,0.11138411138411139,0.11085271317829458,0.11177268197650334,0.004358175431566534,3,0.12286976646328635,0.11666000799041151,0.11243513357678263,0.11977886977886978,0.11123787792355962,0.116596331146582,0.004370747847166221,0.20741862225586677,0.20679681851048445,0.18845388188453882,0.19897585954645208,0.1991643454038997,0.20016190552024832,0.006872578218704085,3,0.21880854252529036,0.20894454382826474,0.20214236351071183,0.21393307734503567,0.2002053388090349,0.2088067732036675,0.00699617602206372,0.7842570666346933,0.8060807510394701,0.803364081280138,0.7749412230405681,0.8230603603387473,0.7983406964667233,0.016982865527263535,48,0.9278514975975571,0.931733798000303,0.9151699345854976,0.9257245593898762,0.9177096224704849,0.9236378824087439,0.006237035021248849
1.0150964260101318,0.009655975187533895,0.21834583282470704,0.0029126413396507148,10,1,2,75,"{'max_depth': 10, 'min_samples_leaf': 1, 'min_samples_split': 2, 'n_estimators': 75}",0.9315068493150684,0.9727891156462585,0.9726027397260274,0.9315068493150684,0.9931506849315068,0.960311247786786,0.024676277413856133,62,1.0,1.0,1.0,1.0,1.0,1.0,0.0,0.11544991511035653,0.1169255928045789,0.1073318216175359,0.11295681063122924,0.11372549019607843,0.11327792607195582,0.003276662812361534,1,0.12352195945945946,0.11757600161063016,0.11565836298932385,0.12152056501869547,0.11289077576225395,0.11823353296807257,0.0038569660854723717,0.2054380664652568,0.20875912408759123,0.1933287950987066,0.20148148148148148,0.20408163265306123,0.2026178199572195,0.005203641078126703,1,0.21988348054876902,0.21041253828139075,0.20733652312599682,0.2167067975551028,0.20287844633258192,0.21144355716876828,0.0061680768191616385,0.7847726387098707,0.8086541096298414,0.8011809370726675,0.7775082167790225,0.8263170837031885,0.799686597178918,0.017355914600929594,44,0.9332607361504034,0.9335887427455132,0.924710929263846,0.9293644980631957,0.920531809707688,0.9282913431861293,0.005038624684836924
0.6914366245269775,0.011740007132502436,0.16047110557556152,0.0023587941592041,10,1,4,50,"{'max_depth': 10, 'min_samples_leaf': 1, 'min_samples_split': 4, 'n_estimators': 50}",0.9383561643835616,0.9727891156462585,0.9657534246575342,0.9315068493150684,0.9794520547945206,0.9575715217593886,0.01910954491008269,64,1.0,1.0,1.0,1.0,1.0,1.0,0.0,0.11030595813204509,0.11042471042471043,0.10854503464203233,0.11276948590381426,0.1125098347757671,0.11091100477567384,0.0015627276015276175,4,0.117046818727491,0.1117061973986228,0.11837312828814245,0.12162162162162163,0.11354813664596274,0.11645918053636813,0.003513526372135536,0.19740634005763688,0.19833564493758668,0.19515570934256055,0.20118343195266272,0.2018348623853211,0.1987831977351536,0.0024628639444812086,4,0.20956475013433637,0.20096352374397797,0.21168807671431156,0.21686746987951808,0.20393934111905176,0.20860463231823917,0.00563658446837094,0.78280027577111,0.8058275849744452,0.7972554758534653,0.7856650193124295,0.8343599309070844,0.801181657363707,0.018528025397228788,39,0.9268940754711333,0.9253758615054549,0.9126637350343161,0.9195698152248443,0.9106929746526988,0.9190392923776894,0.006518280927552761
1.009383535385132,0.008670985419685882,0.21381402015686035,0.0037342670881136087,10,1,4,75,"{'max_depth': 10, 'min_samples_leaf': 1, 'min_samples_split': 4, 'n_estimators': 75}",0.9383561643835616,0.9795918367346939,0.9794520547945206,0.9315068493150684,0.9794520547945206,0.961671792004473,0.021940582269901063,61,1.0,1.0,1.0,1.0,1.0,1.0,0.0,0.11211129296235679,0.11401425178147269,0.10916030534351145,0.11554800339847068,0.11076684740511232,0.11232014017818479,0.002268479970117543,2,0.11768255884127941,0.11410707307542009,0.11688311688311688,0.1231578947368421,0.11278195488721804,0.11692251968477532,0.00359249580634509,0.20029239766081872,0.20425531914893616,0.19642857142857142,0.20559334845049132,0.1990257480862909,0.20111907695502168,0.003374059484236982,2,0.21058315334773217,0.20484040687478078,0.20930232558139536,0.21930646672914714,0.20270270270270271,0.20934701104715164,0.0057476450238738794,0.7867450016486317,0.8033644280829668,0.7977952642564115,0.7846514166446754,0.8306713768202864,0.8006454974905944,0.01652939351177058,40,0.9335009804361818,0.9320100344677142,0.9237481864383473,0.9256661886627959,0.9177281439511931,0.9265307067912463,0.0057372932665707855
0.6672327518463135,0.004952603728201588,0.1578519821166992,0.002864709943662971,10,5,2,50,"{'max_depth': 10, 'min_samples_leaf': 5, 'min_samples_split': 2, 'n_estimators': 50}",0.9657534246575342,0.9931972789115646,0.9863013698630136,0.9657534246575342,0.9931506849315068,0.9808312366042307,0.01256416327101752,59,1.0,1.0,1.0,1.0,1.0,1.0,0.0,0.08986615678776291,0.08342857142857144,0.08163265306122448,0.09003831417624521,0.07945205479452055,0.08488355004966491,0.004326300910273452,7,0.09164969450101833,0.08457639391745113,0.08647450110864745,0.09430920522327906,0.07975460122699386,0.08735287919547796,0.005158824288999646,0.16443148688046647,0.15392725355824988,0.15078534031413612,0.1647196261682243,0.14713343480466767,0.1561994283451489,0.007169768824990892,7,0.16791044776119404,0.15596207771398052,0.15918367346938775,0.1723629935179729,0.14772727272727273,0.16062929303796158,0.008729602327404646,0.781499355534906,0.8178276564566281,0.8088489312189622,0.7854101192332607,0.8376976225319676,0.8062567369951449,0.020864536133332057,17,0.9023232969598994,0.9017664516245104,0.8892853234103097,0.9042476864519109,0.8956400621498575,0.8986525641192976,0.005500842399398498
0.998450517654419,0.014611665495890267,0.21820878982543945,0.0034020069711447882,10,5,2,75,"{'max_depth': 10, 'min_samples_leaf': 5, 'min_samples_split': 2, 'n_estimators': 75}",0.9657534246575342,0.9863945578231292,0.9931506849315068,0.9657534246575342,1.0,0.9822104184139409,0.014109081855845664,56,1.0,1.0,1.0,1.0,1.0,1.0,0.0,0.0903267136450993,0.08766626360338574,0.08060033351862146,0.09038461538461538,0.07849462365591398,0.08549450996152717,0.004998623984961763,5,0.09249011857707509,0.08811104405552203,0.08511567001309472,0.09336099585062241,0.07939739413680781,0.08769504452662441,0.005114156236094734,0.16520210896309315,0.16102165463631316,0.14910025706940874,0.1652989449003517,0.14556331006979062,0.15723725512779146,0.008309550515715856,5,0.16931982633863965,0.16195230171935662,0.1568785197103781,0.17077798861480076,0.14711429649188984,0.16120858657501297,0.008663916783043235,0.7863073648871436,0.8224054945971384,0.8143247846844036,0.7827681548832858,0.8384743180673175,0.8088560234238578,0.02135302218976371,5,0.9066153247414195,0.9090106311684689,0.8936670567402755,0.9104149653564122,0.9005910971545206,0.9040598150322193,0.006188223889965346
0.6772465229034423,0.004870634402218874,0.16090745925903321,0.004893520728984381,10,5,4,50,"{'max_depth': 10, 'min_samples_leaf': 5, 'min_samples_split': 4, 'n_estimators': 50}",0.9657534246575342,0.9931972789115646,0.9863013698630136,0.9657534246575342,0.9931506849315068,0.9808312366042307,0.01256416327101752,59,1.0,1.0,1.0,1.0,1.0,1.0,0.0,0.08986615678776291,0.08342857142857144,0.08163265306122448,0.09003831417624521,0.07945205479452055,0.08488355004966491,0.004326300910273452,7,0.09164969450101833,0.08457639391745113,0.08647450110864745,0.09430920522327906,0.07975460122699386,0.08735287919547796,0.005158824288999646,0.16443148688046647,0.15392725355824988,0.15078534031413612,0.1647196261682243,0.14713343480466767,0.1561994283451489,0.007169768824990892,7,0.16791044776119404,0.15596207771398052,0.15918367346938775,0.1723629935179729,0.14772727272727273,0.16062929303796158,0.008729602327404646,0.781499355534906,0.8178276564566281,0.8088489312189622,0.7854101192332607,0.8376976225319676,0.8062567369951449,0.020864536133332057,17,0.9023232969598994,0.9017664516245104,0.8892853234103097,0.9042476864519109,0.8956400621498575,0.8986525641192976,0.005500842399398498
0.9972065925598145,0.012339619176878728,0.22015790939331054,0.004242406983669578,10,5,4,75,"{'max_depth': 10, 'min_samples_leaf': 5, 'min_samples_split': 4, 'n_estimators': 75}",0.9657534246575342,0.9863945578231292,0.9931506849315068,0.9657534246575342,1.0,0.9822104184139409,0.014109081855845664,56,1.0,1.0,1.0,1.0,1.0,1.0,0.0,0.0903267136450993,0.08766626360338574,0.08060033351862146,0.09038461538461538,0.07849462365591398,0.08549450996152717,0.004998623984961763,5,0.09249011857707509,0.08811104405552203,0.08511567001309472,0.09336099585062241,0.07939739413680781,0.08769504452662441,0.005114156236094734,0.16520210896309315,0.16102165463631316,0.14910025706940874,0.1652989449003517,0.14556331006979062,0.15723725512779146,0.008309550515715856,5,0.16931982633863965,0.16195230171935662,0.1568785197103781,0.17077798861480076,0.14711429649188984,0.16120858657501297,0.008663916783043235,0.7863073648871436,0.8224054945971384,0.8143247846844036,0.7827681548832858,0.8384743180673175,0.8088560234238578,0.02135302218976371,5,0.9066153247414195,0.9090106311684689,0.8936670567402755,0.9104149653564122,0.9005910971545206,0.9040598150322193,0.006188223889965346
0.6572475433349609,0.003028286719713238,0.15855684280395507,0.0023675458668595208,10,10,2,50,"{'max_depth': 10, 'min_samples_leaf': 10, 'min_samples_split': 2, 'n_estimators': 50}",0.9794520547945206,1.0,1.0,0.9863013698630136,1.0,0.9931506849315068,0.008663774411420216,47,1.0,1.0,1.0,1.0,1.0,1.0,0.0,0.0679334916864608,0.06594885598923284,0.06541218637992832,0.07010710808179163,0.06301251618472162,0.06648283166442703,0.0023964262944890934,17,0.06941972232111071,0.06652996126680337,0.06607929515418502,0.07062658457080769,0.0632979874486042,0.0671907101523022,0.0025922519439302376,0.12705464238116393,0.12373737373737374,0.12279226240538267,0.13090909090909092,0.11855460820138043,0.12460959552687834,0.004156638984243918,17,0.12982689747003995,0.12475966673787653,0.12396694214876033,0.13193504736129905,0.11905973338760557,0.1259096574211163,0.004553420121139669,0.7792362339258415,0.822882042484244,0.8113529496437396,0.776596574142936,0.8359043255044023,0.8051944251402325,0.023603143792860166,25,0.8741106845091083,0.8729934437879404,0.8656216061491315,0.8793572484937265,0.8745016271775603,0.8733169220234934,0.004423610598317256
0.9766674518585206,0.0039429272120233005,0.21153607368469238,0.003525206522795979,10,10,2,75,"{'max_depth': 10, 'min_samples_leaf': 10, 'min_samples_split': 2, 'n_estimators': 75}",0.9863013698630136,1.0,1.0,0.9863013698630136,1.0,0.9945205479452055,0.006710930802145721,45,1.0,1.0,1.0,1.0,1.0,1.0,0.0,0.06518786781349027,0.06530430919591293,0.06597379123361952,0.06959884001933302,0.0632034632034632,0.06585365429316378,0.002088512077641964,19,0.06581167735403308,0.0655664084427978,0.0668800731679433,0.07084897662589318,0.06313403842003022,0.06644823480213952,0.002518719267622764,0.12229299363057325,0.12260216847372811,0.12378126324713862,0.13002257336343115,0.11889250814332247,0.12351830137163873,0.003636298794908564,19,0.12349588347055099,0.12306395532609841,0.1253750535790827,0.13232300384528387,0.11876966805400467,0.12460551285500412,0.004423044689762573,0.7789304876952129,0.8208060807510394,0.8139049492598901,0.7755199961615048,0.8394339418947773,0.8057190911524849,0.02474239803309987,21,0.876942723067942,0.8812752904418434,0.8696534892879427,0.884285459047416,0.8792049607634592,0.8782723845217207,0.00494161031033071
0.6602686405181885,0.0064386902275746435,0.16015052795410156,0.005401753706001907,10,10,4,50,"{'max_depth': 10, 'min_samples_leaf': 10, 'min_samples_split': 4, 'n_estimators': 50}",0.9794520547945206,1.0,1.0,0.9863013698630136,1.0,0.9931506849315068,0.008663774411420216,47,1.0,1.0,1.0,1.0,1.0,1.0,0.0,0.0679334916864608,0.06594885598923284,0.06541218637992832,0.07010710808179163,0.06301251618472162,0.06648283166442703,0.0023964262944890934,17,0.06941972232111071,0.06652996126680337,0.06607929515418502,0.07062658457080769,0.0632979874486042,0.0671907101523022,0.0025922519439302376,0.12705464238116393,0.12373737373737374,0.12279226240538267,0.13090909090909092,0.11855460820138043,0.12460959552687834,0.004156638984243918,17,0.12982689747003995,0.12475966673787653,0.12396694214876033,0.13193504736129905,0.11905973338760557,0.1259096574211163,0.004553420121139669,0.7792362339258415,0.822882042484244,0.8113529496437396,0.776596574142936,0.8359043255044023,0.8051944251402325,0.023603143792860166,25,0.8741106845091083,0.8729934437879404,0.8656216061491315,0.8793572484937265,0.8745016271775603,0.8733169220234934,0.004423610598317256
0.9703829765319825,0.010261019351620479,0.21181602478027345,0.0038557102129977783,10,10,4,75,"{'max_depth': 10, 'min_samples_leaf': 10, 'min_samples_split': 4, 'n_estimators': 75}",0.9863013698630136,1.0,1.0,0.9863013698630136,1.0,0.9945205479452055,0.006710930802145721,45,1.0,1.0,1.0,1.0,1.0,1.0,0.0,0.06518786781349027,0.06530430919591293,0.06597379123361952,0.06959884001933302,0.0632034632034632,0.06585365429316378,0.002088512077641964,19,0.06581167735403308,0.0655664084427978,0.0668800731679433,0.07084897662589318,0.06313403842003022,0.06644823480213952,0.002518719267622764,0.12229299363057325,0.12260216847372811,0.12378126324713862,0.13002257336343115,0.11889250814332247,0.12351830137163873,0.003636298794908564,19,0.12349588347055099,0.12306395532609841,0.1253750535790827,0.13232300384528387,0.11876966805400467,0.12460551285500412,0.004423044689762573,0.7789304876952129,0.8208060807510394,0.8139049492598901,0.7755199961615048,0.8394339418947773,0.8057190911524849,0.02474239803309987,21,0.876942723067942,0.8812752904418434,0.8696534892879427,0.884285459047416,0.8792049607634592,0.8782723845217207,0.00494161031033071
0.640559720993042,0.005466486950086192,0.15301132202148438,0.0026881609597250848,10,20,2,50,"{'max_depth': 10, 'min_samples_leaf': 20, 'min_samples_split': 2, 'n_estimators': 50}",1.0,1.0,1.0,1.0,1.0,1.0,0.0,1,1.0,1.0,1.0,1.0,1.0,1.0,0.0,0.061293031066330814,0.06069364161849711,0.060455486542443065,0.061499578770008424,0.060156571899464356,0.06081966197934875,0.000504887803173517,31,0.06120527306967985,0.060249664706489216,0.06050263729444617,0.06135934550031466,0.06036528738004334,0.060736441590194645,0.0004554522737527039,0.11550632911392406,0.11444141689373297,0.11401796173369777,0.11587301587301588,0.11348620287602021,0.11466498529807818,0.0008972566644259884,31,0.11535048802129548,0.11365184392332393,0.11410181392627268,0.11562407352505188,0.11385753211366291,0.11451715030192137,0.0008094549233276753,0.7768771919306974,0.81316344401158,0.8158032051435837,0.7777361274380443,0.8375866660269174,0.8042333269101645,0.023564863695334268,29,0.8554331881389674,0.8490127825895314,0.846849991908545,0.8585009387023177,0.8418798741661826,0.8503353551011088,0.005967524942613533
0.9515601634979248,0.008770679357623292,0.2020552635192871,0.0028386618789008945,10,20,2,75,"{'max_depth': 10, 'min_samples_leaf': 20, 'min_samples_split': 2, 'n_estimators': 75}",1.0,1.0,1.0,1.0,1.0,1.0,0.0,1,1.0,1.0,1.0,1.0,1.0,1.0,0.0,0.06111343658434491,0.06081919735208937,0.06048053024026512,0.06170752324598478,0.06010703993412927,0.060845545471362686,0.0005466428638890638,29,0.06105834464043419,0.06028075970272502,0.060458867300537414,0.061533606816030297,0.06027199670307026,0.060720715032559436,0.0004976464347269934,0.11518737672583826,0.11466458658346333,0.1140625,0.11624203821656051,0.11339805825242719,0.11471091195565786,0.0009713429110756205,29,0.11508951406649616,0.11370716510903427,0.11402397427151349,0.1159334126040428,0.11369157516276358,0.11448912824277006,0.0008843467564788999,0.7791792811966068,0.8180540167030034,0.8117907780150182,0.7779460451503011,0.8373137730009836,0.8048567788131826,0.023061766518124,27,0.857741142395258,0.8539561784764941,0.8516560355238258,0.8636983655260988,0.8483395679630767,0.8550782579769507,0.005287302140245917
0.6414011955261231,0.010066028620042904,0.15082478523254395,0.003074047610023535,10,20,4,50,"{'max_depth': 10, 'min_samples_leaf': 20, 'min_samples_split': 4, 'n_estimators': 50}",1.0,1.0,1.0,1.0,1.0,1.0,0.0,1,1.0,1.0,1.0,1.0,1.0,1.0,0.0,0.061293031066330814,0.06069364161849711,0.060455486542443065,0.061499578770008424,0.060156571899464356,0.06081966197934875,0.000504887803173517,31,0.06120527306967985,0.060249664706489216,0.06050263729444617,0.06135934550031466,0.06036528738004334,0.060736441590194645,0.0004554522737527039,0.11550632911392406,0.11444141689373297,0.11401796173369777,0.11587301587301588,0.11348620287602021,0.11466498529807818,0.0008972566644259884,31,0.11535048802129548,0.11365184392332393,0.11410181392627268,0.11562407352505188,0.11385753211366291,0.11451715030192137,0.0008094549233276753,0.7768771919306974,0.81316344401158,0.8158032051435837,0.7777361274380443,0.8375866660269174,0.8042333269101645,0.023564863695334268,29,0.8554331881389674,0.8490127825895314,0.846849991908545,0.8585009387023177,0.8418798741661826,0.8503353551011088,0.005967524942613533
0.941865062713623,0.011121315828457035,0.20003299713134765,0.0035527502548919703,10,20,4,75,"{'max_depth': 10, 'min_samples_leaf': 20, 'min_samples_split': 4, 'n_estimators': 75}",1.0,1.0,1.0,1.0,1.0,1.0,0.0,1,1.0,1.0,1.0,1.0,1.0,1.0,0.0,0.06111343658434491,0.06081919735208937,0.06048053024026512,0.06170752324598478,0.06010703993412927,0.060845545471362686,0.0005466428638890638,29,0.06105834464043419,0.06028075970272502,0.060458867300537414,0.061533606816030297,0.06027199670307026,0.060720715032559436,0.0004976464347269934,0.11518737672583826,0.11466458658346333,0.1140625,0.11624203821656051,0.11339805825242719,0.11471091195565786,0.0009713429110756205,29,0.11508951406649616,0.11370716510903427,0.11402397427151349,0.1159334126040428,0.11369157516276358,0.11448912824277006,0.0008843467564788999,0.7791792811966068,0.8180540167030034,0.8117907780150182,0.7779460451503011,0.8373137730009836,0.8048567788131826,0.023061766518124,27,0.857741142395258,0.8539561784764941,0.8516560355238258,0.8636983655260988,0.8483395679630767,0.8550782579769507,0.005287302140245917
