mean_fit_time,std_fit_time,mean_score_time,std_score_time,param_max_depth,param_min_samples_split,param_n_estimators,params,split0_test_recall,split1_test_recall,split2_test_recall,split3_test_recall,split4_test_recall,mean_test_recall,std_test_recall,rank_test_recall,split0_train_recall,split1_train_recall,split2_train_recall,split3_train_recall,split4_train_recall,mean_train_recall,std_train_recall,split0_test_precision,split1_test_precision,split2_test_precision,split3_test_precision,split4_test_precision,mean_test_precision,std_test_precision,rank_test_precision,split0_train_precision,split1_train_precision,split2_train_precision,split3_train_precision,split4_train_precision,mean_train_precision,std_train_precision,split0_test_f1,split1_test_f1,split2_test_f1,split3_test_f1,split4_test_f1,mean_test_f1,std_test_f1,rank_test_f1,split0_train_f1,split1_train_f1,split2_train_f1,split3_train_f1,split4_train_f1,mean_train_f1,std_train_f1,split0_test_roc_auc,split1_test_roc_auc,split2_test_roc_auc,split3_test_roc_auc,split4_test_roc_auc,mean_test_roc_auc,std_test_roc_auc,rank_test_roc_auc,split0_train_roc_auc,split1_train_roc_auc,split2_train_roc_auc,split3_train_roc_auc,split4_train_roc_auc,mean_train_roc_auc,std_train_roc_auc
0.7237160205841064,0.035853263363855116,0.14145841598510742,0.0031762378906642517,5,2,50,"{'max_depth': 5, 'min_samples_split': 2, 'n_estimators': 50}",0.8287671232876712,0.9251700680272109,0.8972602739726028,0.8287671232876712,0.9452054794520548,0.8850340136054422,0.048400238638475715,1,0.9452991452991453,0.9383561643835616,0.9162393162393162,0.947008547008547,0.9418803418803419,0.9377567029621824,0.01116106390958426,0.12246963562753037,0.13438735177865613,0.1297029702970297,0.12448559670781893,0.13437195715676728,0.1290835023135605,0.004926789682124959,27,0.14028411973617452,0.1329129274799903,0.13821557503867973,0.1400050543340915,0.13409588707714773,0.13710271273321675,0.0030456099813241334,0.21340388007054673,0.23468507333908542,0.22664359861591696,0.21645796064400716,0.23529411764705882,0.22529692606332302,0.009049492013006992,25,0.24431190633973934,0.23284469938389632,0.24019717678691463,0.24394539850286218,0.23476778866638262,0.239213393935959,0.004683549960465609,0.7726447048949372,0.8182357005849624,0.8082131804332702,0.7853741333397308,0.8309772569152893,0.8030889952336381,0.021326538597398064,36,0.8620427125899981,0.8649791192217102,0.8582192812355885,0.8662504946077234,0.8544539016247455,0.8611891018559532,0.004356451220369423
1.034386157989502,0.00510075578639596,0.18457717895507814,0.0029678416757692332,5,2,75,"{'max_depth': 5, 'min_samples_split': 2, 'n_estimators': 75}",0.815068493150685,0.9183673469387755,0.9041095890410958,0.815068493150685,0.958904109589041,0.8823036063740565,0.05776651669730938,3,0.947008547008547,0.940068493150685,0.9230769230769231,0.947008547008547,0.9435897435897436,0.9401504507668893,0.008915242768112494,0.11971830985915492,0.13486513486513488,0.12753623188405797,0.12155260469867211,0.1344860710854947,0.12763167047850293,0.006306999925265094,36,0.13975782038345105,0.134033203125,0.13677811550151975,0.1385,0.13317249698431846,0.13644832719885785,0.002523281777091291,0.20877192982456141,0.23519163763066203,0.2235393734123624,0.21155555555555555,0.2358887952822241,0.22298945834107312,0.0113882459540417,36,0.24357001538799736,0.23461538461538461,0.23825281270681667,0.2416575790621592,0.23340380549682876,0.23829991945383733,0.003914019343386207,0.7703755882617426,0.8179408365798158,0.812429527625171,0.7884779166566706,0.8309442698462203,0.804033627793924,0.021739034109146124,35,0.8594266880716093,0.8641456309660707,0.8601474796287097,0.8704400909610497,0.8559457227072418,0.8620211224669362,0.00495064998610804
1.3842275619506836,0.011843176711459522,0.2402247428894043,0.004519246568727427,5,2,100,"{'max_depth': 5, 'min_samples_split': 2, 'n_estimators': 100}",0.821917808219178,0.9183673469387755,0.9178082191780822,0.815068493150685,0.9315068493150684,0.8809337433603579,0.05126353962686385,5,0.9401709401709402,0.9383561643835616,0.9213675213675213,0.9401709401709402,0.9435897435897436,0.9367310619365414,0.007866210972688055,0.12024048096192384,0.1347305389221557,0.1303501945525292,0.12447698744769875,0.13399014778325122,0.12875766993351173,0.005593869386887402,31,0.13801756587202008,0.13401809733431158,0.13655941221180642,0.14066496163682865,0.13579335793357933,0.1370106789977092,0.002236455234587373,0.2097902097902098,0.2349869451697128,0.2282793867120954,0.2159709618874773,0.23428079242032732,0.22466165919596454,0.01008876041884595,30,0.24070021881838075,0.2345388401455168,0.23786407766990292,0.2447163515016685,0.23741935483870968,0.23904776859483573,0.0034422874732049115,0.7728335481550314,0.8187569248364844,0.8131402490223831,0.7890686850754504,0.8328215339586883,0.8053241882096076,0.02152912592959203,30,0.8626789670244136,0.8675011356804562,0.8607867513416381,0.8695483471449326,0.8590526543246254,0.8639135711032132,0.003988761251750843
1.7060418605804444,0.006469159726666657,0.2747823715209961,0.000667535464103267,5,2,125,"{'max_depth': 5, 'min_samples_split': 2, 'n_estimators': 125}",0.821917808219178,0.9115646258503401,0.910958904109589,0.815068493150685,0.9178082191780822,0.8754636101015748,0.046628292277094495,9,0.9367521367521368,0.9383561643835616,0.9247863247863248,0.9401709401709402,0.9435897435897436,0.9367310619365414,0.0063904995733728,0.12036108324974924,0.13535353535353536,0.13077679449360866,0.12460732984293194,0.13440320962888666,0.1291003905137424,0.005772263453882671,26,0.1382093316519546,0.13544241225902126,0.13822176801226366,0.14052120592743997,0.13717693836978131,0.13791433124409216,0.001651149293164057,0.2099737532808399,0.2357080035180299,0.22871883061049011,0.2161671207992734,0.23447069116360456,0.22500767987444759,0.010217559220336112,26,0.2408791208791209,0.2367170626349892,0.2404978884196488,0.24449877750611246,0.2395313517031894,0.24042484022861216,0.0025041808368199553,0.7749228140643265,0.8193198470281282,0.8158631816327999,0.790313197226687,0.8314840582491664,0.8063806196402215,0.020665337219594907,27,0.8645601321717785,0.8694346035463214,0.8638074364680471,0.871888601712395,0.8611107837111996,0.8661603115219483,0.003927559620180086
0.6950304985046387,0.0022158388703409164,0.13985872268676758,0.0027617873773159284,5,4,50,"{'max_depth': 5, 'min_samples_split': 4, 'n_estimators': 50}",0.821917808219178,0.9251700680272109,0.8835616438356164,0.8287671232876712,0.9383561643835616,0.8795545615506477,0.04786610252606737,7,0.947008547008547,0.9383561643835616,0.9179487179487179,0.947008547008547,0.9452991452991453,0.9391242243297038,0.011058451281794678,0.12257405515832483,0.13438735177865613,0.12759643916913946,0.12435765673175746,0.13391984359726294,0.12856706928702816,0.004839532546263566,32,0.14136259249808625,0.13294517224648228,0.13797533401849948,0.1395817586293777,0.1348780487804878,0.1373485812345867,0.003065476409158087,0.21333333333333335,0.23468507333908542,0.222990492653414,0.2162645218945487,0.23438836612489308,0.22433235746905492,0.008901361018976619,32,0.24600355239786856,0.23289417764555886,0.2398927853473308,0.24330259112867808,0.2360725720384205,0.23963313571157135,0.0047372080223391936,0.7763766074158448,0.8191173141761082,0.8091818007341123,0.786501691336996,0.8309232780749947,0.8044201383476113,0.020241576973245697,33,0.862869441076534,0.8647130026791565,0.8575118167982345,0.8669626361866705,0.8553232887040483,0.8614760370889287,0.004383917101523112
1.0419855117797852,0.00844296542379205,0.18444652557373048,0.002932099778646725,5,4,75,"{'max_depth': 5, 'min_samples_split': 4, 'n_estimators': 75}",0.821917808219178,0.9183673469387755,0.9041095890410958,0.815068493150685,0.9452054794520548,0.8809337433603579,0.05270742328343324,5,0.947008547008547,0.9366438356164384,0.9247863247863248,0.947008547008547,0.9435897435897436,0.9398073996019202,0.008410231859968068,0.12084592145015106,0.13513513513513514,0.12903225806451613,0.1206896551724138,0.1338506304558681,0.12791072005561682,0.006177179189449008,35,0.1403242147922999,0.1340357755452095,0.1381159050293592,0.1383270911360799,0.13404565322972317,0.13696972794653434,0.0025126491348644122,0.21071115013169447,0.2356020942408377,0.22583404619332764,0.21024734982332155,0.2344944774851317,0.2233778235748626,0.011062547392738696,35,0.2444297374806971,0.23451232583065382,0.2403376277210129,0.24139433551198258,0.23474378056559642,0.23908356142198856,0.003878758830890054,0.7730643565840353,0.8165975672230363,0.8119857016049709,0.7890326991819208,0.8309112827771514,0.804318321474223,0.020626268471578668,34,0.8600169143951981,0.86368498697903,0.861056528868721,0.8702554374109589,0.855455371182634,0.8620938477673084,0.004870365973871835
1.3722093105316162,0.009028794276792667,0.23019652366638182,0.0033424156994648862,5,4,100,"{'max_depth': 5, 'min_samples_split': 4, 'n_estimators': 100}",0.821917808219178,0.9115646258503401,0.910958904109589,0.815068493150685,0.9246575342465754,0.8768334731152734,0.04793450080046957,8,0.9401709401709402,0.9315068493150684,0.9196581196581196,0.9418803418803419,0.9435897435897436,0.9353611989228428,0.008885769436602207,0.12036108324974924,0.13549039433771487,0.13013698630136986,0.12473794549266247,0.1337958374628345,0.1289044493688662,0.005642133552198133,28,0.13864381144441643,0.13415536374845868,0.13672172808132146,0.140992835209826,0.13612823674475955,0.1373283950457564,0.0023252954386369633,0.2099737532808399,0.23591549295774647,0.22773972602739725,0.21636363636363637,0.23376623376623376,0.22475176847917075,0.01003561370863761,29,0.24165202108963094,0.23453330459150679,0.23805309734513275,0.2452704206543512,0.23793103448275862,0.23948797563267604,0.0036647365454840963,0.7751356374209408,0.8172974969322229,0.8135061056066021,0.789965333589233,0.8325936232996666,0.8056996393697331,0.02049616637466993,28,0.8629612166389751,0.8670856565432435,0.86217623656608,0.8692288048313002,0.8588231002152421,0.8640550029589683,0.003689228237848278
1.846642541885376,0.11144001374751515,0.29781594276428225,0.01722942509707691,5,4,125,"{'max_depth': 5, 'min_samples_split': 4, 'n_estimators': 125}",0.821917808219178,0.9115646258503401,0.8972602739726028,0.815068493150685,0.9178082191780822,0.8727238840741774,0.0448299818627132,11,0.9401709401709402,0.9383561643835616,0.9213675213675213,0.9452991452991453,0.9435897435897436,0.9377567029621824,0.008552262484370311,0.12036108324974924,0.1363173957273652,0.12996031746031747,0.12447698744769875,0.13467336683417086,0.1291578301438603,0.0060268989453118585,25,0.13871374527112232,0.1363523264493655,0.13873873873873874,0.141359918200409,0.137621540762902,0.13855725388450751,0.0016522480209831742,0.2099737532808399,0.23716814159292035,0.2270363951473137,0.2159709618874773,0.23488168273444346,0.22500618692859894,0.010556227138495921,27,0.24175824175824176,0.23810558331522919,0.2411633109619687,0.24594173893706917,0.2402088772845953,0.24143555045142082,0.0025720570317794562,0.7758460477803424,0.8179944482171152,0.8165049300674136,0.7906910491087494,0.8311182016649473,0.8064309353677135,0.020138722323105082,26,0.8652624350741689,0.8690834046725568,0.8649147965116006,0.8716223788129226,0.8615530542202317,0.8664872138582961,0.0035051001860550925
0.7453272819519043,0.02495596322534394,0.15626730918884277,0.00865500627751494,5,6,50,"{'max_depth': 5, 'min_samples_split': 6, 'n_estimators': 50}",0.8287671232876712,0.9251700680272109,0.8835616438356164,0.8287671232876712,0.9452054794520548,0.8822942875780451,0.048016812551343914,4,0.9487179487179487,0.9383561643835616,0.9162393162393162,0.9452991452991453,0.9384615384615385,0.9374148226203021,0.011316421806756287,0.12384851586489252,0.13320274240940255,0.12887112887112886,0.12359550561797752,0.13463414634146342,0.12883040782097296,0.004583138603802286,30,0.14267352185089974,0.13201638159479642,0.1384297520661157,0.1384576865297947,0.1336416747809153,0.13704380336450436,0.003806917340695974,0.21549421193232413,0.2328767123287671,0.22493461203138623,0.21511111111111111,0.23569598633646455,0.22482252674801062,0.008537489594429128,28,0.24804469273743016,0.231467793030623,0.2405205295041508,0.24153745359248743,0.23396548050287663,0.23910718987351362,0.005875035786666657,0.7787866071160936,0.8186005575610279,0.8115958544250654,0.7853591392174267,0.8307013650648944,0.8050087046769017,0.019808814339459718,31,0.8617272516353076,0.8647225603859665,0.8564834069047706,0.8642855338816815,0.8567419592920305,0.8607921424199514,0.0035635820082210163
1.2406861782073975,0.09269719770684054,0.20543675422668456,0.007210029571164922,5,6,75,"{'max_depth': 5, 'min_samples_split': 6, 'n_estimators': 75}",0.815068493150685,0.9183673469387755,0.9041095890410958,0.8356164383561644,0.9452054794520548,0.883673469387755,0.04984698463222057,2,0.9504273504273504,0.9366438356164384,0.9179487179487179,0.947008547008547,0.935042735042735,0.9374142372087577,0.01137115541512051,0.119358074222668,0.13406156901688182,0.12903225806451613,0.1227364185110664,0.134765625,0.12799078896302646,0.0060986818955304474,34,0.1409021794221997,0.13325213154689403,0.13632901751713633,0.13753723932472692,0.13305765020676236,0.13621564360354385,0.0029147354212038317,0.20822397200349957,0.2339688041594454,0.22583404619332764,0.21403508771929824,0.2358974358974359,0.22359186919460136,0.01087786233668271,33,0.245420436989627,0.23331200682448283,0.23740053050397877,0.2401907652287015,0.23296422487223167,0.23785759288380434,0.004635873451646456,0.7747459608524924,0.8164516244326101,0.8118657486265384,0.7884089436940719,0.831996857231965,0.8046938269675354,0.020480282376997776,32,0.8599758445971231,0.8634132482559996,0.8605902178519012,0.8667900496618894,0.8559848236109591,0.8613508367955746,0.0036083741451773716
1.3813337802886962,0.03563207845077663,0.23300061225891114,0.007945523428559522,5,6,100,"{'max_depth': 5, 'min_samples_split': 6, 'n_estimators': 100}",0.815068493150685,0.9115646258503401,0.910958904109589,0.815068493150685,0.9246575342465754,0.8754636101015748,0.04955478122364251,9,0.9435897435897436,0.9332191780821918,0.9230769230769231,0.9418803418803419,0.9384615384615385,0.9360455450181477,0.007388779546587154,0.119358074222668,0.13413413413413414,0.1300097751710655,0.12370062370062371,0.1332675222112537,0.128094025887949,0.0057015243825903755,33,0.13918305597579425,0.13354569958343543,0.13736962604935132,0.14009661835748793,0.13558903432946406,0.1371568068591066,0.0023787171163354433,0.20822397200349957,0.2338568935427574,0.2275449101796407,0.2148014440433213,0.23295944779982744,0.22347733351380925,0.010218875017617014,34,0.24258404746209625,0.23365487674169347,0.2391496899911426,0.24391323594510844,0.2369443245576176,0.2392492349395317,0.003728089179507357,0.7758340577320824,0.8167911648021731,0.8127563994913994,0.7891346592135884,0.8327345680493247,0.8054501698577136,0.020345749076823485,29,0.8622760339485382,0.8660631693205857,0.8615972064368692,0.8664583467801152,0.8594921185487017,0.863177375006962,0.002682649741335241
1.712315320968628,0.05183265282104205,0.27214736938476564,0.0032105808229099713,5,6,125,"{'max_depth': 5, 'min_samples_split': 6, 'n_estimators': 125}",0.815068493150685,0.9183673469387755,0.8972602739726028,0.8082191780821918,0.9178082191780822,0.8713447022644674,0.04938308999771631,12,0.9401709401709402,0.9383561643835616,0.9264957264957265,0.9435897435897436,0.9384615384615385,0.9374148226203021,0.005778135191860016,0.11959798994974874,0.136226034308779,0.1300893743793446,0.12317327766179541,0.1350806451612903,0.1288334642921916,0.006520527117177395,29,0.13874873864783047,0.13537549407114624,0.13936744664438158,0.14096016343207354,0.13755950889501378,0.1384022703380891,0.001869012792476268,0.2085889570552147,0.23725834797891038,0.22723330442324371,0.213768115942029,0.23550087873462214,0.224469920826804,0.011485606892073095,31,0.24181138711804792,0.23661485319516407,0.24228877961555656,0.24527882692734948,0.23994755244755245,0.2411882798607341,0.002856136328953666,0.7768562093462426,0.817797872213684,0.8158631816327999,0.7901842477748723,0.8318289230621596,0.8065060868059517,0.020009114623510262,25,0.8647306794198213,0.8685071311737163,0.8647915070592099,0.869293630013779,0.862272211511568,0.865919031835619,0.002610324236923858
0.8211351871490479,0.003165116263680352,0.1512363910675049,0.0031608055203532974,8,2,50,"{'max_depth': 8, 'min_samples_split': 2, 'n_estimators': 50}",0.7808219178082192,0.8639455782312925,0.8424657534246576,0.7397260273972602,0.8904109589041096,0.8234740471531078,0.05533916305900846,22,0.9692307692307692,0.964041095890411,0.9538461538461539,0.9692307692307692,0.958974358974359,0.9630646294344924,0.005978405327908515,0.13013698630136986,0.14399092970521543,0.1354625550660793,0.13012048192771083,0.14755959137343927,0.13745410887476295,0.007157366228242913,17,0.1612169462610179,0.15863623555931247,0.16080691642651296,0.16804979253112035,0.1592392847005393,0.1615898350957006,0.0033684386642649005,0.22309197651663404,0.2468415937803693,0.2333965844402277,0.22131147540983606,0.25316455696202533,0.2355612374218185,0.01265185524625487,18,0.2764505119453925,0.2724413259133801,0.2752157829839704,0.2864359686789593,0.27312560856864654,0.27673383961806974,0.005058875053597702,0.7824375768112466,0.8192841059365953,0.818088309382722,0.7907780150181128,0.8496239474126142,0.8120423909122583,0.023790702619963192,21,0.9380336267157634,0.9394479918320963,0.9303828053308189,0.9417727676237033,0.9353409495907034,0.9369956282186169,0.003908451790043853
1.2198389053344727,0.00538216353484641,0.20798263549804688,0.004232251857805114,8,2,75,"{'max_depth': 8, 'min_samples_split': 2, 'n_estimators': 75}",0.7671232876712328,0.8503401360544217,0.8287671232876712,0.7602739726027398,0.8972602739726028,0.8207529587177337,0.051627214842693406,23,0.9675213675213675,0.9674657534246576,0.9572649572649573,0.9675213675213675,0.9606837606837607,0.9640914412832222,0.004315737284535421,0.12486064659977704,0.143348623853211,0.1308108108108108,0.1289198606271777,0.1457174638487208,0.13473148114793948,0.008264707229561834,24,0.1569606211869107,0.1607854297097325,0.1592266135911288,0.16166809483004857,0.1564587973273942,0.15901991132904295,0.002048054572106258,0.21476510067114093,0.24533856722276742,0.22595704948646125,0.22045680238331677,0.2507177033492823,0.23144704462259372,0.014096420914429253,24,0.27010260081126225,0.27574426549536357,0.27303754266211605,0.27704356338717573,0.26909265022743595,0.2730041245166707,0.0030836675136108813,0.7852252630316836,0.8173660006909943,0.8156922486385336,0.7943885996689297,0.8489642060312357,0.8123272636122753,0.022069398020463985,19,0.9391345592527728,0.9418087454141748,0.9349076591935298,0.9436941373900988,0.937959026368789,0.939500825523873,0.0030502075726626305
1.6539748668670655,0.06077626239297184,0.2637584686279297,0.005597729358700188,8,2,100,"{'max_depth': 8, 'min_samples_split': 2, 'n_estimators': 100}",0.7808219178082192,0.8435374149659864,0.8356164383561644,0.7671232876712328,0.8972602739726028,0.8248718665548411,0.04685984719740088,21,0.9675213675213675,0.9674657534246576,0.9555555555555556,0.9675213675213675,0.9606837606837607,0.9637495609413419,0.004874504935046858,0.12596685082872927,0.1436848203939745,0.13275299238302501,0.1320754716981132,0.14785553047404063,0.13646713315557651,0.008063846024488968,21,0.1554945054945055,0.16212338593974174,0.16008018327605955,0.1643915190241069,0.1590265987549519,0.1602232384978731,0.0029932741315885003,0.21693625118934348,0.24554455445544554,0.2291079812206573,0.22535211267605634,0.25387596899224807,0.2341633737067501,0.013550547977801612,21,0.2679289940828402,0.277709510936348,0.2742212411086583,0.2810327706057597,0.2728817674192765,0.27475485683057654,0.004439094371281689,0.7872126135307694,0.817580447240192,0.8180133387712016,0.7969735863541492,0.8464331981863109,0.8132426368165246,0.0204227014650749,13,0.9421297543670573,0.9437766959869627,0.9340813018168824,0.9402874945394373,0.9374187229719679,0.9395387939364614,0.003449996042467519
2.1824703216552734,0.0884799423466161,0.3358809471130371,0.0046224928953651325,8,2,125,"{'max_depth': 8, 'min_samples_split': 2, 'n_estimators': 125}",0.773972602739726,0.8299319727891157,0.8493150684931506,0.773972602739726,0.8698630136986302,0.8194110520920697,0.03919093200797987,24,0.9675213675213675,0.964041095890411,0.958974358974359,0.9675213675213675,0.9606837606837607,0.9637483901182531,0.0034853900949967293,0.12541620421753608,0.1425233644859813,0.1341991341991342,0.1334120425029516,0.14614499424626007,0.13633914793037266,0.007305579520946848,22,0.15678670360110802,0.1632830626450116,0.161671469740634,0.16339491916859122,0.16107767268558326,0.16124276556818562,0.0024025864589329363,0.21585482330468003,0.2432701894317049,0.23177570093457944,0.22759315206445116,0.25024630541871923,0.23374803423082696,0.012039967294140662,23,0.2698450536352801,0.279265873015873,0.27669543773119604,0.27957520375401335,0.2758959253804615,0.27625549870336485,0.0035071196277970053,0.7884206108929588,0.8194538761213768,0.8176564786603653,0.7958430295324233,0.846178298107142,0.8135104586628532,0.02030438346790723,12,0.9422195653150118,0.943857655385824,0.9351155113659219,0.9415009321543195,0.940140445207754,0.9405668218857663,0.0029776598669811953
0.8956210136413574,0.02035830432655814,0.16235694885253907,0.0024610876313827636,8,4,50,"{'max_depth': 8, 'min_samples_split': 4, 'n_estimators': 50}",0.7671232876712328,0.8571428571428571,0.8835616438356164,0.7602739726027398,0.8972602739726028,0.8330724070450097,0.05813351918428379,18,0.9658119658119658,0.9623287671232876,0.9521367521367521,0.9692307692307692,0.958974358974359,0.9616965226554267,0.0058804908702616045,0.1278538812785388,0.14617169373549885,0.13550420168067226,0.13470873786407767,0.14735658042744657,0.13831901899724683,0.0074002493337339105,14,0.16226306720275704,0.15979528006823998,0.151936715766503,0.16864961332540154,0.1562674094707521,0.15978241716673075,0.005633671402134551,0.2191780821917808,0.24975222993062438,0.23497267759562843,0.2288659793814433,0.2531400966183575,0.23718181314356687,0.01273459766835884,14,0.27784607819031226,0.2740794928066325,0.262055986826629,0.2873068153027616,0.26874251497005985,0.2740061776192791,0.00851082109746077,0.7869458349569857,0.8173094106294007,0.8221007365112875,0.7900493006741357,0.8421988580476452,0.8117208281638909,0.020742904565227066,22,0.9339593904830332,0.9364294431342681,0.9273319994125512,0.9377122603783434,0.9350365612158325,0.9340939309248057,0.003610465235598896
1.3092392444610597,0.05418461439945142,0.21880841255187988,0.0038442403853812058,8,4,75,"{'max_depth': 8, 'min_samples_split': 4, 'n_estimators': 75}",0.7945205479452054,0.8367346938775511,0.863013698630137,0.7808219178082192,0.9041095890410958,0.8358400894604416,0.0450205145424753,16,0.9675213675213675,0.9623287671232876,0.9555555555555556,0.9675213675213675,0.9606837606837607,0.9627221636810678,0.004510761236360367,0.1286031042128603,0.1402508551881414,0.1346153846153846,0.13240418118466898,0.1476510067114094,0.13670490638249294,0.0066466894343164,20,0.15925717501406866,0.15813168261114238,0.15579710144927536,0.16129951553149044,0.15516289342904474,0.15792967360700433,0.0022521917671728476,0.22137404580152673,0.240234375,0.23290203327171904,0.22641509433962265,0.25384615384615383,0.23495434045180447,0.011369559972762898,20,0.2734960135298381,0.27162880618656354,0.26791277258566976,0.2765021983390327,0.2671737580223437,0.2713427097326896,0.003478031578304612,0.79032702856629,0.8175744903916032,0.8188350166734639,0.7950573375236907,0.8427026605570616,0.8128993067424218,0.018831747135103914,14,0.9346866720553234,0.9405000892052635,0.930427892975775,0.940506758937316,0.9371747632664783,0.9366592352880312,0.0038089893373815338
1.7753932476043701,0.0177354082224089,0.2852137565612793,0.005463744226285156,8,4,100,"{'max_depth': 8, 'min_samples_split': 4, 'n_estimators': 100}",0.7876712328767124,0.8299319727891157,0.8561643835616438,0.7602739726027398,0.8904109589041096,0.8248905041468643,0.046598223644236055,20,0.9692307692307692,0.9623287671232876,0.9572649572649573,0.9658119658119658,0.958974358974359,0.9627221636810678,0.004379285929213703,0.12763596004439512,0.14269005847953217,0.13498920086393087,0.13357400722021662,0.14705882352941177,0.13718961002749733,0.006882483860738288,19,0.1582472788166341,0.16158711903392756,0.16032064128256512,0.16583504549457,0.15767284991568298,0.16073258690867595,0.0029145756038017334,0.21967526265520534,0.2435129740518962,0.2332089552238806,0.22722620266120777,0.2524271844660194,0.2352101158116419,0.011614164485584303,19,0.2720729366602687,0.27671097981290005,0.2746444335458558,0.28306613226452904,0.27081824764663287,0.27546254598603725,0.004315121730056633,0.7888582476544468,0.8157576515720122,0.8197406616606291,0.797660317155675,0.8421448792073507,0.8128323514500227,0.018549688362469684,16,0.9366918885745505,0.9441042817027261,0.9308611833729488,0.93870156936809,0.9352073704268078,0.9371132586890246,0.004342707500871997
2.18460373878479,0.031007174375103225,0.33790955543518064,0.002000991837455499,8,4,125,"{'max_depth': 8, 'min_samples_split': 4, 'n_estimators': 125}",0.7945205479452054,0.8367346938775511,0.8561643835616438,0.773972602739726,0.8767123287671232,0.82762091137825,0.038161585858429076,19,0.9658119658119658,0.9623287671232876,0.9572649572649573,0.9658119658119658,0.958974358974359,0.962038402997307,0.003485341127989022,0.1280353200883002,0.14625445897740785,0.13498920086393087,0.13436385255648037,0.14678899082568808,0.1380863646623615,0.00730652426096864,15,0.1572064552031163,0.16423144360023378,0.16013726050900773,0.1648191365227538,0.1596925704526046,0.1612173732575432,0.002885704400389359,0.22053231939163498,0.24898785425101214,0.2332089552238806,0.22897669706180346,0.25147347740667975,0.23663586066700218,0.011852907876700427,16,0.2703996171332855,0.28057913130304546,0.27437530622244,0.28158484923997007,0.27379209370424595,0.2761461995205974,0.00426452532786646,0.7898564191720872,0.8180152971871761,0.8167028524818272,0.7983830338507305,0.8412272389223424,0.8128369683228327,0.01780331135415599,15,0.9366168590117802,0.9432377162852829,0.9329795543432402,0.940833784677497,0.9376868167280775,0.9382709462091755,0.0035302403767954733
0.9425933837890625,0.09907253678371772,0.1610257625579834,0.008722612839623405,8,6,50,"{'max_depth': 8, 'min_samples_split': 6, 'n_estimators': 50}",0.7876712328767124,0.8435374149659864,0.8767123287671232,0.773972602739726,0.9178082191780822,0.8399403597055259,0.053874533190733244,14,0.9658119658119658,0.9623287671232876,0.9521367521367521,0.9641025641025641,0.9572649572649573,0.9603290012879053,0.004996059479505389,0.12777777777777777,0.14553990610328638,0.13530655391120508,0.13185530921820304,0.1458106637649619,0.1372580421550868,0.007274748780200761,18,0.15698805223673243,0.16130884041331803,0.15390991986736668,0.1610968294772922,0.15275504637206766,0.15721173767335542,0.0035410259118030005,0.2198852772466539,0.24824824824824826,0.23443223443223443,0.22532402791625125,0.2516431924882629,0.23590659606633016,0.01241615071692592,17,0.27007648183556404,0.27630285152409045,0.26498572787821123,0.27606461086637296,0.26346741943072216,0.27017941830699216,0.005369690324915662,0.7901771529630407,0.8138097620834674,0.8187990307799343,0.788582875512799,0.8448348247486984,0.811240729217588,0.02073327608490977,24,0.9311952714535903,0.9387476555507414,0.9305320996904668,0.9331340871014725,0.9306473444593176,0.9328512916511178,0.0030927501668494488
1.2567499160766602,0.01274188356630128,0.20780162811279296,0.003782716932126872,8,6,75,"{'max_depth': 8, 'min_samples_split': 6, 'n_estimators': 75}",0.815068493150685,0.8367346938775511,0.8561643835616438,0.7876712328767124,0.9246575342465754,0.8440592675426336,0.04629544094663889,13,0.9675213675213675,0.9623287671232876,0.9555555555555556,0.9641025641025641,0.9572649572649573,0.9613546423135464,0.0044018955943012925,0.12878787878787878,0.14285714285714285,0.13144058885383805,0.13009049773755657,0.1461038961038961,0.13585600086806246,0.007165620493153356,23,0.15397170837867247,0.1609392898052692,0.1558405352662392,0.1570593149540518,0.15229806907805277,0.15602178349645707,0.0029448275943441734,0.22242990654205608,0.24404761904761904,0.22789425706472197,0.22330097087378642,0.2523364485981308,0.2340018404252629,0.012023280437908495,22,0.2656653367754048,0.2757605495583906,0.2679769894534995,0.27011494252873564,0.2627874237447208,0.26846104841215024,0.004387674013209899,0.7925811576391594,0.8136012723828585,0.8163070076529999,0.7909489480123792,0.8442680469256051,0.8115412865226004,0.019398594684714183,23,0.9319876659631476,0.9419837826330094,0.9327125831011132,0.9373625972728523,0.9323584299396929,0.9352810117819631,0.0038792930395422863
1.7596369743347169,0.08828505010595548,0.2812758445739746,0.0078564310230583,8,6,100,"{'max_depth': 8, 'min_samples_split': 6, 'n_estimators': 100}",0.8082191780821918,0.8367346938775511,0.863013698630137,0.7808219178082192,0.9041095890410958,0.8385798154878389,0.04278390676213653,15,0.9658119658119658,0.9623287671232876,0.9555555555555556,0.9658119658119658,0.9572649572649573,0.9613546423135464,0.0042670672764191266,0.1279826464208243,0.14487632508833923,0.13636363636363635,0.1336459554513482,0.14699331848552338,0.13797237636193427,0.007073083788390495,16,0.1539509536784741,0.1616800920598389,0.1588068181818182,0.16133637921187893,0.15677491601343785,0.1585098318290896,0.002895562943922608,0.2209737827715356,0.2469879518072289,0.23551401869158878,0.22822822822822822,0.25287356321839083,0.23691550894339447,0.011727619161428077,15,0.26556991774383076,0.2768472906403941,0.2723507917174178,0.27648642035723026,0.26942506615347606,0.2721358973224698,0.004280914638883516,0.7900482599442464,0.8165677829800921,0.8176954633783556,0.7956900894849219,0.8422378427656358,0.8124478877106505,0.018517662568721775,17,0.9339092460370919,0.9428229867721338,0.9310755835435708,0.9355972569499986,0.9329733805163377,0.9352756907638267,0.004046573517870592
2.370773458480835,0.11635978527198876,0.36260313987731935,0.023066134659155847,8,6,125,"{'max_depth': 8, 'min_samples_split': 6, 'n_estimators': 125}",0.8082191780821918,0.8299319727891157,0.8561643835616438,0.773972602739726,0.8972602739726028,0.8331096822290561,0.04188949004005449,17,0.9658119658119658,0.9623287671232876,0.9555555555555556,0.9658119658119658,0.9572649572649573,0.9613546423135464,0.0042670672764191266,0.1272923408845739,0.14558472553699284,0.13557483731019523,0.1332547169811321,0.15022935779816513,0.13838719570221186,0.008359291115894242,13,0.15386710239651416,0.16384839650145772,0.16072455434157562,0.1632004621606008,0.1598173515981735,0.16029157339966438,0.00354397547633554,0.21994408201304752,0.24771573604060915,0.2340823970037453,0.22736418511066397,0.25736738703339884,0.23729475744029296,0.01357563050410688,13,0.2654451491660794,0.2800199302441455,0.2751661333989663,0.27921917469730667,0.2739056003912937,0.27475119757955835,0.005200232818415976,0.7903150385180301,0.8161418683059913,0.8167658277955042,0.7961998896432598,0.8426456828923062,0.8124136614310183,0.01842851882511719,18,0.9344907719250978,0.9425827322597718,0.9335595199007697,0.9367100424777999,0.934621043956712,0.9363928221040302,0.003261907741282097
1.0507597923278809,0.016033061654899126,0.18401098251342773,0.001475321190794853,12,2,50,"{'max_depth': 12, 'min_samples_split': 2, 'n_estimators': 50}",0.5616438356164384,0.5714285714285714,0.636986301369863,0.541095890410959,0.6917808219178082,0.600587084148728,0.05576235006749827,36,0.9982905982905983,0.9931506849315068,0.9931623931623932,0.9965811965811966,0.9948717948717949,0.995211333567498,0.001995901401462131,0.14855072463768115,0.1721311475409836,0.1495176848874598,0.15551181102362205,0.19092627599243855,0.16332752881643703,0.01618237142095663,5,0.2774346793349169,0.2998965873836608,0.26836027713625865,0.27487034417727485,0.2834875791524598,0.2808098934369142,0.010706401340166202,0.2349570200573066,0.26456692913385826,0.2421875,0.2415902140672783,0.2992592592592593,0.25651218450354046,0.023599483949279423,6,0.4342007434944238,0.46068308181096107,0.42254545454545456,0.43089430894308944,0.44124336618650495,0.4379133909960867,0.012874566320173706,0.7829771289829441,0.8203354897125226,0.8183312141640477,0.7929791521723486,0.8469819830626394,0.8123209936189004,0.0225251340070236,20,0.9950008981094796,0.9948525189617407,0.9919865597659184,0.993645448346116,0.9941999702533795,0.993937079087327,0.001088891817689522
1.5766533374786378,0.011517899909584638,0.25008573532104494,0.003757022070114643,12,2,75,"{'max_depth': 12, 'min_samples_split': 2, 'n_estimators': 75}",0.5753424657534246,0.54421768707483,0.6164383561643836,0.5616438356164384,0.7328767123287672,0.6061038113875687,0.06772150831461957,35,0.9982905982905983,0.9931506849315068,0.9982905982905983,0.9982905982905983,0.9948717948717949,0.9965788549350194,0.002165945501555614,0.14558058925476602,0.1735357917570499,0.1485148514851485,0.15298507462686567,0.18938053097345134,0.1619993676194563,0.01682547547632524,7,0.26924850161364683,0.30526315789473685,0.26497277676951,0.2693726937269373,0.27465785747994337,0.27670299749695487,0.014606616994949816,0.23236514522821577,0.2631578947368421,0.2393617021276596,0.2404692082111437,0.3009845288326301,0.25526769582729825,0.025095046340309967,8,0.4241103848946986,0.4669887278582931,0.4187880960917892,0.42426443879404285,0.43047337278106507,0.43292500408397777,0.017429302014659774,0.7871886334342496,0.8237845050454508,0.8177974234100233,0.7970695487368951,0.8461513086869946,0.8143982838627227,0.020729495993606514,9,0.9949820003891808,0.9959404108839416,0.9935365644898314,0.9946091265999333,0.9942531025818757,0.9946642409889526,0.0007966564265265825
2.0944631099700928,0.028012124351988996,0.34472365379333497,0.02948016893598273,12,2,100,"{'max_depth': 12, 'min_samples_split': 2, 'n_estimators': 100}",0.6027397260273972,0.5714285714285714,0.6232876712328768,0.5616438356164384,0.726027397260274,0.6170254403131116,0.058772307046616935,32,0.9982905982905983,0.9965753424657534,0.9982905982905983,0.9982905982905983,0.9965811965811966,0.997605666783749,0.0008388683929431827,0.15331010452961671,0.17684210526315788,0.14869281045751634,0.15678776290630975,0.19272727272727272,0.1656720111767747,0.016593962997510155,2,0.26788990825688075,0.3082627118644068,0.2612975391498881,0.27690848743480323,0.2798847815650504,0.27884868565420584,0.016113102416490607,0.24444444444444444,0.27009646302250806,0.24010554089709762,0.24514200298953662,0.3045977011494253,0.2608772305006024,0.024271673751203714,2,0.4224231464737794,0.470873786407767,0.41418439716312055,0.4335560504825538,0.4370314842578711,0.4356137729570183,0.01940475946564593,0.7930187944006475,0.8255209264090925,0.8165409159609432,0.7977742724851857,0.8495849626946236,0.8164879743900986,0.020386332226177542,2,0.9945082476387206,0.9964113622018558,0.9937713569977991,0.9954214525518017,0.9947152041712619,0.9949655247122877,0.0008939927814787979
2.593318462371826,0.06377155670526986,0.38601274490356446,0.017152450397946373,12,2,125,"{'max_depth': 12, 'min_samples_split': 2, 'n_estimators': 125}",0.6095890410958904,0.564625850340136,0.6095890410958904,0.5616438356164384,0.7328767123287672,0.6156648960954245,0.0621863346074591,33,0.9982905982905983,0.9948630136986302,0.9965811965811966,0.9982905982905983,0.9931623931623932,0.9962375600046833,0.001994695323050024,0.15187713310580206,0.1751054852320675,0.1454248366013072,0.16173570019723865,0.19454545454545455,0.16573772193637398,0.0175407289392812,1,0.26727688787185355,0.30482686253934943,0.26487960018173556,0.2802303262955854,0.2831384015594542,0.2800704156895956,0.014260119208067138,0.24316939890710382,0.2673107890499195,0.23482849604221637,0.25114854517611024,0.3074712643678161,0.2607856987086332,0.025686977097556827,3,0.4216606498194946,0.4666666666666667,0.41852117731514715,0.4376170850505807,0.4406522563519151,0.4370235670407608,0.017149872630910227,0.7941308713767572,0.8258485530814778,0.8181093011539478,0.7967726651152748,0.8485113835376532,0.8166745548530221,0.020020525871963245,1,0.9945898259164458,0.9964437834426034,0.9935708011662922,0.9953823516480843,0.99459135346188,0.994915623127061,0.0009563420106533774
1.0040793895721436,0.00958178530463869,0.17217540740966797,0.0014429145432807828,12,4,50,"{'max_depth': 12, 'min_samples_split': 4, 'n_estimators': 50}",0.5958904109589042,0.5510204081632653,0.6232876712328768,0.5342465753424658,0.7328767123287672,0.6074643556052558,0.07022728142327281,34,0.9948717948717949,0.9931506849315068,0.9948717948717949,0.9982905982905983,0.9965811965811966,0.9955532139093783,0.0017464724975321101,0.1596330275229358,0.16735537190082644,0.15294117647058825,0.1541501976284585,0.1854419410745234,0.16390434291946648,0.011910971744399696,4,0.27285513361462727,0.291897332662305,0.27069767441860465,0.27625354777672656,0.26225820962663066,0.2747923796197788,0.009719458638792986,0.25180897250361794,0.25673534072900156,0.24561403508771928,0.2392638036809816,0.2959889349930844,0.25788221739888095,0.019937277557624998,5,0.4282560706401766,0.4511863088292493,0.42559414990859235,0.4327528714338644,0.41524216524216523,0.4306063132108096,0.011788523196493018,0.798288420610893,0.8255090127119149,0.8114159249574168,0.7883219777847085,0.8469819830626395,0.8141034638255146,0.020654815671635636,11,0.9927967877617615,0.9941973475302137,0.9922082562774256,0.9932901726707134,0.9923837426299941,0.9929752613740217,0.0007159200752812921
1.4741892337799072,0.008655031786131882,0.23441267013549805,0.007243643813972768,12,4,75,"{'max_depth': 12, 'min_samples_split': 4, 'n_estimators': 75}",0.6095890410958904,0.5918367346938775,0.6506849315068494,0.5753424657534246,0.7397260273972602,0.6334358400894604,0.05876926170431603,29,0.9965811965811966,0.9931506849315068,0.9914529914529915,0.9982905982905983,0.9965811965811966,0.995211333567498,0.0025142127530586728,0.15084745762711865,0.17330677290836655,0.15522875816993464,0.16310679611650486,0.18430034129692832,0.16535802522377058,0.012167338110590264,3,0.2619047619047619,0.2821011673151751,0.26208766380478987,0.2698706099815157,0.2588809946714032,0.2669690395355292,0.00839394554262546,0.2418478260869565,0.26810477657935283,0.25065963060686014,0.25416036308623297,0.29508196721311475,0.26197091271450346,0.018589538024150244,1,0.4147990039131981,0.4393939393939394,0.4145818441744103,0.42488177519097853,0.41099753260486427,0.4209308190554781,0.010325460626108878,0.798516231527832,0.8216072768862361,0.8136050668138091,0.7951293093107502,0.8488142648081952,0.8155344298693645,0.01925688108728726,4,0.9930241217237715,0.9949533433982858,0.9927122650554849,0.9944072611687803,0.9922537180937093,0.9934701418880063,0.0010325771054988798
1.9599162578582763,0.018569637320404054,0.29433183670043944,0.004177191513252987,12,4,100,"{'max_depth': 12, 'min_samples_split': 4, 'n_estimators': 100}",0.636986301369863,0.5578231292517006,0.6506849315068494,0.5547945205479452,0.7328767123287672,0.6266331190010251,0.06613467790830067,30,0.9965811965811966,0.9948630136986302,0.9914529914529915,0.9982905982905983,0.9948717948717949,0.9952119189790423,0.0022680451011519655,0.15682967959527824,0.16302186878727634,0.1529790660225443,0.15517241379310345,0.18771929824561404,0.16314446528876328,0.012733443449476153,6,0.2628494138863841,0.2841075794621027,0.2564102564102564,0.2680128499311611,0.2705718270571827,0.2683903853494174,0.009232088234471305,0.2516914749661705,0.2523076923076923,0.24771838331160365,0.24251497005988024,0.2988826815642458,0.2586230404419185,0.020431105715854287,4,0.41598287549054586,0.4419931532902244,0.40744643484369514,0.42257597684515197,0.42543859649122806,0.42268740739216915,0.011467617670197156,0.8000539552171696,0.8199929709186652,0.8137849962814577,0.7937408535853946,0.8524758294748458,0.8160097210955065,0.020499178836884544,3,0.992982771266484,0.9954154866334534,0.992676157522387,0.9942813525170973,0.9927818609223885,0.993627525772362,0.0010639786098711496
2.5954877376556396,0.09907300267812731,0.3901522159576416,0.009573448067095855,12,4,125,"{'max_depth': 12, 'min_samples_split': 4, 'n_estimators': 125}",0.6301369863013698,0.5714285714285714,0.6438356164383562,0.547945205479452,0.7191780821917808,0.6225048923679061,0.06004480285171071,31,0.9965811965811966,0.9948630136986302,0.9880341880341881,0.9982905982905983,0.9931623931623932,0.9941862779534013,0.003519534127474911,0.15333333333333332,0.1686746987951807,0.14968152866242038,0.15384615384615385,0.18324607329842932,0.16175635758710352,0.012561779179624847,8,0.2579646017699115,0.2902097902097902,0.2515230635335074,0.2686292548298068,0.26848428835489835,0.26736219973958286,0.013145873764119104,0.24664879356568364,0.26046511627906976,0.24289405684754523,0.24024024024024024,0.29207232267037553,0.2564641059205829,0.01911885765453376,7,0.40984182776801403,0.44934261407579273,0.40097121054457163,0.4233417905038057,0.42269916333212076,0.421239321244861,0.01635264964927455,0.7976649381013757,0.822518674720326,0.8121506369503154,0.7915097281865509,0.8504096394213468,0.814850723475983,0.020835919594702428,8,0.992839822174323,0.9954765809946312,0.9927979502894682,0.9939550751195712,0.9930116021174356,0.9936162061390859,0.001021145191268192
1.3825841426849366,0.3050810518923419,0.23122577667236327,0.06586005822742518,12,6,50,"{'max_depth': 12, 'min_samples_split': 6, 'n_estimators': 50}",0.636986301369863,0.6258503401360545,0.6506849315068494,0.5684931506849316,0.6917808219178082,0.6347591091231013,0.0399514989619628,28,0.9880341880341881,0.9914383561643836,0.9846153846153847,0.9948717948717949,0.9948717948717949,0.9907663037115093,0.003986477935097989,0.15816326530612246,0.17164179104477612,0.14437689969604864,0.14664310954063603,0.1759581881533101,0.15935665074817867,0.012759208100458648,9,0.25757575757575757,0.27957508450024143,0.23772183243912506,0.2508620689655172,0.2601698703620921,0.25718092276854665,0.013632111294586014,0.25340599455040874,0.26939970717423134,0.236318407960199,0.23314606741573032,0.28055555555555556,0.254565146531225,0.018377320820363637,9,0.40862495581477554,0.43615819209039547,0.3829787234042553,0.4006884681583477,0.41247342310418145,0.4081847525143911,0.017277951144354143,0.7945205479452054,0.8252230839796514,0.8144057529448456,0.7886368543530935,0.8491981143391789,0.814396870712395,0.021849394408769863,10,0.9892638495965992,0.9928497108699987,0.99012842495386,0.9916722558508702,0.9928690428416815,0.991356656822602,0.0014494495654835244
1.6529866218566895,0.14110520088805217,0.24407672882080078,0.009401618964081083,12,6,75,"{'max_depth': 12, 'min_samples_split': 6, 'n_estimators': 75}",0.636986301369863,0.6258503401360545,0.6438356164383562,0.5821917808219178,0.7397260273972602,0.6457180132326903,0.05166739702267767,25,0.9914529914529915,0.9914383561643836,0.9931623931623932,0.9965811965811966,0.9965811965811966,0.9938432267884323,0.002321771706078244,0.15,0.1694290976058932,0.14733542319749215,0.14756944444444445,0.17880794701986755,0.15862838245353947,0.013024210504296882,10,0.2508650519031142,0.2675600739371534,0.24269005847953215,0.2498928418345478,0.24967880085653105,0.25213736540217574,0.008243940246704065,0.24281984334203655,0.26666666666666666,0.23979591836734693,0.23545706371191136,0.288,0.2545478984175923,0.019927547792802976,10,0.4004142216085606,0.42139737991266374,0.39006377979187645,0.3995887594242632,0.3993150684931507,0.4021558418461029,0.01033583957252967,0.796987500374689,0.8224382572643768,0.8130622795864021,0.7919745459779766,0.8498128733536454,0.814855091311418,0.020618124384634475,7,0.9914709536425823,0.9935281206474953,0.9914546752239649,0.9920632648880432,0.9920297765542374,0.9921093581912647,0.0007559781600303156
2.022793912887573,0.060134913396426015,0.3150936603546143,0.025465871761688054,12,6,100,"{'max_depth': 12, 'min_samples_split': 6, 'n_estimators': 100}",0.6438356164383562,0.6258503401360545,0.636986301369863,0.5616438356164384,0.7328767123287672,0.6402385611778959,0.05475307268069462,26,0.9914529914529915,0.9931506849315068,0.9931623931623932,0.9948717948717949,0.9948717948717949,0.9935019318580963,0.0012798333536510277,0.14756671899529042,0.174573055028463,0.14329738058551617,0.1453900709219858,0.17863105175292154,0.1578916554568354,0.015390116557264669,11,0.24649383765405866,0.27332704995287466,0.24018189334435716,0.25118687958567115,0.2563876651982379,0.25351546514703993,0.011253960423219779,0.24010217113665389,0.27299703264094954,0.2339622641509434,0.23098591549295774,0.287248322147651,0.2530591411138311,0.02274300194937148,11,0.3948264125255276,0.4286770140428677,0.38681757656458055,0.4011026878015162,0.40770577933450086,0.4038258940537986,0.014214929182987305,0.7962141422619227,0.82095500196576,0.8128823501187535,0.7964068085310558,0.849515989732025,0.8151948585219035,0.019645485014889868,6,0.991789782507821,0.9941122651990026,0.9916273552915778,0.9924192889061008,0.992392535656189,0.9924682455121383,0.0008807199184328367
2.4777568340301515,0.0918519940410769,0.36000676155090333,0.005180480507295903,12,6,125,"{'max_depth': 12, 'min_samples_split': 6, 'n_estimators': 125}",0.6506849315068494,0.6054421768707483,0.6438356164383562,0.547945205479452,0.726027397260274,0.634787065511136,0.058415832952842944,27,0.9914529914529915,0.9948630136986302,0.9931623931623932,0.9948717948717949,0.9948717948717949,0.993844397611521,0.0013662080718131644,0.14797507788161993,0.17115384615384616,0.14710485133020346,0.14336917562724014,0.17725752508361203,0.15737209521530435,0.013965450001592366,12,0.24379991593106348,0.2765349833412661,0.243197990791126,0.2526041666666667,0.2558241758241758,0.2543922465108596,0.012108321714082883,0.24111675126903553,0.26686656671664166,0.2394904458598726,0.22727272727272727,0.2849462365591398,0.25193854553548334,0.020941931574469712,12,0.3913630229419703,0.4327746741154562,0.39071956960322796,0.40290758047767394,0.406993006993007,0.4049515708262671,0.015294894097216348,0.7955636821438206,0.819593862063214,0.8141358587433727,0.7973064558692993,0.8510663819782645,0.8155332481595942,0.020060131632081892,5,0.9912217282620086,0.9942575048613121,0.9915261419475057,0.9920561556328219,0.9921648524034428,0.9922452766214181,0.0010635885685606689
